branch,college_tier,cgpa,tenth_pct,twelfth_pct,backlogs,internships,projects,coding_problems_solved,certifications,hackathons,communication_score,aptitude_score,placed
Mechanical,Tier3,,76.6,78.6,1,0,3,42.0,1,1,2.4,59.0,0
IT,Tier2,7.78,69.7,85.9,0,0,2,106.0,2,0,4.6,52.9,1
Mechanical,Tier2,6.69,98.4,83.1,1,1,0,6.0,1,0,8.5,46.4,1
EEE,Tier3,5.65,79.8,75.0,2,0,5,44.0,1,2,7.6,49.5,0
CSE,Tier1,7.01,92.6,87.3,0,3,3,64.0,1,1,4.7,49.0,1
Civil,Tier3,8.62,,74.1,1,2,2,81.0,2,1,4.7,,0
EEE,Tier2,7.76,75.3,79.5,3,1,4,71.0,1,0,7.5,35.0,1
Mechanical,Tier1,9.32,75.4,73.9,0,1,1,11.0,1,1,,51.5,1
CSE,Tier1,7.48,93.0,81.6,0,2,3,25.0,0,1,7.1,74.7,1
ECE,Tier3,9.75,93.2,73.2,0,2,3,136.0,1,0,2.7,51.3,1
IT,Tier2,7.48,63.1,93.5,1,0,0,6.0,0,0,9.0,53.2,0
Civil,Tier3,7.32,84.9,97.2,1,1,1,23.0,3,0,7.2,72.5,0
ECE,Tier3,6.02,78.9,85.7,0,0,2,14.0,1,0,2.7,53.3,0
Mechanical,Tier3,8.41,70.7,92.4,0,0,3,90.0,2,0,5.3,60.5,1
IT,Tier2,6.8,82.4,61.6,0,0,4,87.0,1,0,6.6,39.4,1
CSE,Tier3,,67.9,62.8,0,1,2,54.0,2,1,2.4,40.8,1
ECE,Tier3,8.58,75.8,,0,1,2,40.0,1,0,5.9,54.2,1
CSE,Tier1,8.46,72.8,77.4,0,1,1,321.0,3,0,6.9,61.3,1
Mechanical,Tier2,8.43,75.5,75.0,0,1,4,56.0,0,1,2.3,72.4,1
ECE,Tier2,6.94,79.4,60.6,1,2,3,55.0,0,0,7.3,51.1,1
EEE,Tier2,7.25,70.9,88.5,0,0,1,8.0,1,0,5.8,44.4,1
IT,Tier3,7.24,94.2,98.5,0,1,7,209.0,2,0,7.7,50.0,1
Civil,Tier2,8.08,84.4,89.8,0,1,1,17.0,2,0,5.6,61.7,1
Mechanical,Tier2,8.85,96.2,87.9,0,3,2,53.0,3,3,4.1,63.3,1
Mechanical,Tier2,7.67,78.6,79.3,0,0,3,20.0,3,0,3.9,50.4,0
CSE,Tier1,9.27,75.1,68.6,0,3,1,100.0,3,3,5.4,47.9,1
ECE,Tier2,8.2,95.8,77.7,0,0,3,39.0,3,0,5.7,68.9,1
CSE,Tier3,,74.8,,0,0,3,498.0,1,1,7.9,47.2,1
CSE,Tier3,8.13,78.4,73.5,1,2,3,69.0,1,0,5.5,58.6,1
EEE,Tier2,9.01,86.5,72.5,0,0,4,48.0,1,0,3.2,51.9,0
EEE,Tier3,9.3,68.9,88.1,0,0,0,35.0,2,0,5.2,53.1,1
Civil,Tier1,8.49,86.4,88.7,1,2,1,13.0,4,0,3.3,63.4,1
IT,Tier2,7.33,85.3,68.5,1,0,0,132.0,2,2,6.6,36.4,1
IT,Tier2,7.08,91.4,74.4,2,2,1,185.0,2,1,7.0,36.5,0
ECE,Tier3,7.88,88.0,72.0,2,2,1,15.0,1,1,,,1
CSE,Tier3,8.97,91.7,77.7,0,1,3,79.0,2,0,5.5,69.8,1
CSE,Tier3,7.73,79.0,88.0,1,0,4,103.0,0,0,4.7,58.7,1
ECE,Tier1,7.75,72.2,69.0,1,0,1,68.0,0,2,5.1,40.9,0
CSE,Tier1,7.35,99.0,87.9,0,2,2,176.0,3,1,5.8,54.4,1
EEE,Tier3,6.97,66.3,78.0,0,2,1,8.0,2,2,5.1,49.0,1
IT,Tier2,7.14,67.2,99.0,0,1,1,338.0,0,2,8.9,45.4,1
Mechanical,Tier3,7.44,85.1,80.2,0,0,3,56.0,2,1,5.3,,0
EEE,Tier3,9.02,94.6,76.0,1,1,3,39.0,0,0,5.8,42.9,0
IT,Tier2,7.06,81.7,,0,4,0,170.0,2,1,4.6,25.5,1
,Tier3,7.35,89.0,73.6,0,0,3,99.0,3,0,4.7,55.3,0
Mechanical,Tier3,6.43,,59.0,0,1,4,34.0,0,1,3.7,49.1,1
IT,Tier2,8.02,75.5,74.6,1,1,2,78.0,3,1,4.1,58.1,1
IT,Tier3,8.67,63.1,74.4,0,0,1,33.0,5,1,9.4,67.6,1
,Tier3,8.92,87.0,61.1,1,1,0,31.0,1,3,7.0,65.8,1
CSE,Tier2,7.5,66.1,76.3,0,1,7,148.0,3,0,5.4,70.3,1
CSE,Tier3,,68.5,56.3,0,0,2,79.0,1,1,4.8,68.5,1
CSE,Tier1,7.15,84.6,73.5,0,3,3,76.0,2,0,8.2,51.4,1
Mechanical,Tier3,7.83,89.6,79.4,1,1,4,117.0,5,0,4.5,56.0,0
,Tier3,7.61,78.6,78.0,0,1,0,48.0,2,2,2.9,55.8,0
EEE,Tier3,7.36,85.1,72.9,0,2,1,48.0,1,1,6.9,33.4,0
Mechanical,Tier2,7.44,84.8,76.1,1,2,1,60.0,2,2,4.3,63.2,1
ECE,Tier3,7.75,78.1,69.2,0,2,2,77.0,1,3,3.7,60.8,1
ECE,Tier1,7.01,70.1,77.1,0,1,2,42.0,1,2,4.0,30.1,0
CSE,Tier2,,85.1,77.6,0,0,2,47.0,1,3,6.7,68.9,1
CSE,Tier2,,85.5,68.0,0,1,5,140.0,3,0,5.8,54.9,1
EEE,Tier2,10.0,88.0,79.7,0,1,2,84.0,2,0,4.2,63.5,1
ECE,Tier2,6.1,82.8,79.6,1,0,1,55.0,1,0,6.8,43.8,0
ECE,Tier2,6.04,69.5,75.3,2,1,2,67.0,0,0,4.5,43.1,0
EEE,Tier3,6.34,86.2,99.0,0,1,1,30.0,3,1,3.1,75.5,1
ECE,Tier2,7.2,80.0,75.6,1,0,2,22.0,2,0,3.6,47.8,0
ECE,Tier2,8.2,75.7,74.2,0,1,1,46.0,0,0,6.0,52.1,1
ECE,Tier2,7.89,77.3,72.8,0,1,3,26.0,3,2,4.6,54.7,1
IT,Tier1,7.47,73.8,67.3,0,2,1,254.0,1,0,6.2,42.2,0
CSE,Tier3,7.83,88.0,83.9,0,0,1,143.0,1,0,8.0,57.6,1
IT,Tier2,6.61,67.2,70.1,1,1,2,69.0,1,2,4.9,38.2,0
CSE,Tier1,7.06,71.1,71.3,0,1,3,39.0,0,2,10.0,,1
IT,Tier3,7.28,77.0,71.6,0,1,1,205.0,1,0,,38.9,0
Mechanical,Tier3,5.72,94.5,67.2,1,0,3,18.0,1,0,5.7,,0
CSE,Tier3,6.14,89.5,59.5,1,1,2,100.0,1,0,3.6,33.6,0
CSE,Tier3,6.18,65.2,72.4,2,0,1,121.0,2,0,5.4,39.5,0
IT,Tier3,8.06,92.2,85.7,1,1,3,45.0,0,0,5.6,33.9,0
IT,Tier2,7.55,92.1,,0,0,2,89.0,2,0,7.4,23.4,0
,Tier3,7.91,69.4,92.6,0,0,2,91.0,0,0,4.9,50.7,0
ECE,Tier3,5.46,57.3,84.5,2,0,2,11.0,1,1,6.8,23.9,0
Mechanical,Tier2,5.82,79.4,82.2,1,0,3,82.0,0,0,6.1,64.9,0
EEE,Tier2,7.96,90.1,95.8,0,1,3,46.0,3,0,7.8,50.5,1
,Tier1,4.52,94.3,76.0,3,1,2,59.0,2,2,7.9,46.1,0
Mechanical,Tier3,8.52,72.2,77.6,0,0,2,10.0,0,3,6.6,61.3,1
CSE,Tier3,5.48,95.8,76.9,0,2,2,91.0,2,0,7.4,29.6,1
CSE,Tier3,8.14,59.9,92.4,0,0,1,62.0,1,0,8.0,50.7,1
CSE,Tier2,6.41,76.7,77.0,1,1,2,90.0,2,2,7.0,55.9,0
EEE,Tier2,,76.2,70.5,1,2,5,61.0,0,0,6.5,64.9,1
ECE,Tier2,10.0,90.4,82.9,0,1,2,9.0,3,0,6.7,75.4,1
CSE,Tier2,5.03,91.7,68.8,5,5,0,110.0,0,0,8.9,32.3,0
ECE,Tier3,8.0,88.6,82.3,0,0,3,121.0,3,1,6.2,62.0,1
CSE,Tier3,5.49,67.8,81.1,1,0,2,70.0,0,0,,35.2,0
EEE,Tier3,7.73,87.8,75.1,1,1,2,55.0,5,1,,65.8,0
IT,Tier3,7.09,84.6,82.7,0,1,3,13.0,0,0,8.7,,0
IT,Tier3,7.43,65.0,62.1,0,1,2,23.0,2,0,6.8,35.7,0
IT,Tier2,6.39,,78.6,1,0,4,56.0,1,1,5.4,50.3,0
ECE,Tier1,8.08,,72.4,0,2,2,94.0,2,0,5.9,42.3,1
IT,Tier1,5.85,78.4,99.0,2,0,2,64.0,1,1,5.6,54.2,0
CSE,Tier2,8.54,68.4,78.6,2,1,1,140.0,1,1,6.0,44.2,1
CSE,Tier2,,78.1,71.0,0,1,4,63.0,0,1,6.4,53.3,1
Civil,Tier1,5.9,,63.2,1,0,1,13.0,2,0,5.6,53.4,0
Civil,Tier3,8.89,79.3,90.1,0,2,2,33.0,1,0,3.1,60.3,0
EEE,Tier1,7.23,66.0,73.5,0,2,0,60.0,3,1,9.2,61.5,1
CSE,Tier3,9.21,97.0,69.1,0,1,1,205.0,1,0,6.5,64.6,1
Civil,Tier3,8.52,89.0,80.4,0,0,0,37.0,1,0,6.5,76.4,0
Mechanical,Tier3,6.5,77.0,83.5,1,0,1,56.0,0,2,5.9,34.3,0
EEE,Tier3,7.22,77.3,83.3,0,2,0,41.0,4,0,7.6,46.5,1
IT,Tier2,7.42,83.2,,2,0,3,111.0,2,0,6.1,29.1,0
CSE,Tier3,8.83,69.8,,1,0,3,46.0,1,0,5.4,55.6,0
CSE,Tier1,7.74,82.9,79.3,0,0,2,50.0,1,0,5.6,39.4,1
Civil,Tier3,7.48,68.0,80.4,0,1,1,15.0,0,0,8.3,35.7,1
ECE,Tier2,7.1,79.4,81.2,0,0,1,27.0,1,2,6.4,31.8,1
CSE,Tier2,7.25,69.5,87.9,0,0,7,185.0,0,0,5.9,,1
IT,Tier3,8.6,69.9,77.6,0,0,4,275.0,1,1,5.2,61.1,0
ECE,Tier3,7.3,94.8,68.8,1,1,4,74.0,1,0,,57.3,0
CSE,Tier2,6.91,80.5,75.6,0,2,2,135.0,4,0,7.9,61.5,1
Mechanical,Tier3,6.74,81.9,84.5,0,1,1,41.0,1,1,4.4,60.0,1
EEE,Tier1,6.75,61.9,59.1,0,1,1,74.0,2,0,7.2,35.2,1
EEE,Tier3,5.9,74.6,59.2,4,1,4,231.0,0,1,7.3,,0
IT,Tier2,6.55,84.2,86.2,0,0,2,119.0,1,1,6.4,50.1,1
ECE,Tier2,8.8,81.7,,0,0,3,59.0,3,0,5.7,61.5,1
ECE,Tier1,7.09,60.6,64.3,1,2,2,48.0,1,0,3.3,67.0,0
ECE,Tier2,8.0,81.9,78.0,0,0,1,131.0,5,1,7.2,51.6,1
CSE,Tier2,4.82,83.3,73.0,1,0,1,89.0,4,0,3.1,48.3,0
IT,Tier2,7.87,91.6,74.4,0,0,4,50.0,2,0,6.3,52.6,0
,Tier1,7.14,74.1,80.1,0,3,3,162.0,0,3,6.1,55.0,1
ECE,Tier1,6.82,59.8,64.1,0,2,5,20.0,1,0,7.4,53.8,1
IT,Tier2,7.48,71.0,65.9,0,1,1,125.0,4,0,4.4,,1
CSE,Tier1,6.8,70.1,74.0,1,0,2,102.0,4,0,4.3,37.3,0
CSE,Tier3,5.18,86.6,75.5,0,0,1,138.0,1,2,7.0,44.2,1
ECE,Tier3,8.22,55.5,65.7,1,2,2,42.0,1,1,5.7,63.8,1
CSE,Tier2,7.54,76.0,84.9,0,1,3,18.0,0,1,2.4,54.0,0
Civil,Tier3,6.99,92.8,72.8,2,0,2,61.0,4,0,6.0,16.8,0
ECE,Tier1,6.33,80.1,72.8,1,0,5,51.0,1,0,9.3,44.5,1
IT,Tier1,5.83,88.1,79.8,3,2,1,216.0,0,0,7.0,52.3,0
ECE,Tier3,7.52,65.2,75.7,1,0,1,22.0,1,2,3.9,40.9,0
CSE,Tier3,8.91,65.6,85.4,0,2,1,15.0,2,1,6.8,72.4,1
Civil,Tier3,,92.9,67.7,1,2,1,64.0,0,0,7.8,45.2,1
ECE,Tier1,5.92,80.9,63.0,3,0,2,62.0,3,0,2.9,40.7,0
Mechanical,Tier3,7.53,80.9,73.9,0,1,1,60.0,1,0,5.5,55.1,1
CSE,Tier2,7.25,69.9,77.6,0,0,4,363.0,0,0,8.3,40.2,0
ECE,Tier2,8.16,80.9,,1,3,4,2.0,1,2,3.3,66.8,0
ECE,Tier1,7.91,69.7,63.1,0,0,2,6.0,1,0,5.5,69.7,0
Civil,Tier3,,90.7,78.8,3,1,4,13.0,3,2,,24.3,0
ECE,Tier1,7.85,99.0,69.4,0,2,3,69.0,1,0,5.3,52.0,0
ECE,Tier3,6.3,84.4,62.5,3,0,1,91.0,2,2,8.5,69.2,0
CSE,Tier3,5.88,74.3,86.7,1,1,2,106.0,1,0,8.2,57.6,1
IT,Tier3,7.11,57.2,70.7,1,1,1,153.0,3,2,5.5,31.2,1
,Tier3,7.71,64.8,88.5,0,0,2,21.0,0,0,,67.6,1
IT,Tier3,5.66,94.0,77.3,0,1,1,41.0,2,1,8.3,10.0,0
CSE,Tier1,8.0,70.7,79.9,0,3,1,21.0,4,0,7.4,62.4,1
Mechanical,Tier1,8.06,76.7,74.9,0,4,4,61.0,1,0,6.0,45.0,1
Mechanical,Tier2,7.35,85.9,50.4,0,1,0,87.0,1,0,7.2,57.3,0
,Tier2,6.43,93.3,65.6,3,3,1,29.0,2,1,7.2,50.1,0
ECE,Tier1,6.32,78.2,75.7,1,1,0,20.0,2,0,4.4,48.2,0
CSE,Tier1,8.33,76.4,80.6,0,2,1,66.0,1,1,4.9,63.7,1
EEE,Tier2,5.79,80.6,59.1,0,0,3,13.0,5,0,6.0,38.0,1
IT,Tier1,,74.4,76.5,0,3,2,127.0,1,0,2.5,49.6,1
EEE,Tier1,7.13,74.8,65.8,0,2,1,30.0,2,0,5.4,61.8,1
EEE,Tier3,7.2,83.7,79.3,0,1,3,97.0,2,1,4.6,51.1,0
EEE,Tier2,5.59,81.7,76.8,0,0,0,21.0,1,0,6.3,,0
CSE,Tier3,7.15,99.0,84.4,1,0,2,185.0,0,1,4.0,48.6,0
Civil,Tier3,7.91,83.9,87.7,0,3,1,9.0,2,2,6.8,51.4,1
CSE,Tier1,5.96,90.4,81.6,3,2,2,58.0,2,1,6.4,40.7,0
CSE,Tier3,7.8,70.4,85.6,1,2,5,109.0,2,1,5.8,59.3,0
ECE,Tier3,7.39,84.7,73.5,0,0,4,51.0,1,0,6.8,41.5,0
IT,Tier3,6.66,73.5,99.0,0,2,4,268.0,2,0,7.1,,1
Mechanical,Tier1,8.15,83.6,64.8,0,4,4,50.0,3,0,5.6,58.5,1
Mechanical,Tier1,5.1,,,1,4,1,50.0,0,0,6.1,18.5,1
IT,Tier1,,80.4,86.0,0,2,0,41.0,2,0,4.8,,1
Civil,Tier3,8.92,99.0,84.5,0,0,1,19.0,5,0,4.8,48.4,0
IT,Tier3,8.74,92.9,81.9,1,0,3,65.0,2,0,8.8,58.4,1
ECE,Tier3,7.69,90.6,83.8,1,2,3,38.0,0,0,5.6,51.6,1
CSE,Tier3,7.0,86.9,,1,0,2,89.0,2,1,6.0,58.1,0
,Tier3,6.66,95.9,92.9,0,1,2,52.0,1,1,5.9,56.3,1
CSE,Tier3,7.0,67.1,75.0,0,3,1,249.0,2,0,6.7,52.6,1
CSE,Tier1,7.84,92.3,89.5,0,0,1,100.0,0,0,5.0,77.1,1
,Tier3,6.49,71.1,56.7,0,0,0,169.0,1,1,5.2,38.8,0
Civil,Tier2,8.06,74.9,79.6,0,2,4,19.0,2,1,7.7,71.7,1
Mechanical,Tier1,9.43,85.1,71.4,1,0,4,109.0,1,0,3.3,78.9,1
EEE,Tier2,7.24,91.1,,0,1,6,39.0,1,0,6.3,55.2,1
Mechanical,Tier3,5.96,69.6,80.2,1,0,8,108.0,1,2,4.5,50.3,1
Mechanical,Tier2,5.96,75.4,80.7,1,1,5,32.0,3,1,2.4,56.2,0
ECE,Tier2,8.08,80.9,66.4,1,0,5,28.0,4,2,5.9,51.6,1
IT,Tier1,7.24,78.3,76.4,0,0,1,57.0,1,0,3.9,45.1,0
,Tier1,8.18,87.7,75.2,0,0,5,14.0,0,2,3.6,50.4,1
EEE,Tier1,6.77,99.0,82.0,0,0,1,78.0,2,1,10.0,52.3,0
IT,Tier3,8.13,83.8,86.9,0,1,1,49.0,2,1,7.0,50.0,0
CSE,Tier3,7.14,73.4,78.5,0,0,2,126.0,1,2,7.0,42.0,1
EEE,Tier1,6.57,68.3,64.2,0,2,3,13.0,3,1,5.9,35.4,1
CSE,Tier2,6.9,77.1,78.1,1,0,4,325.0,1,1,3.9,37.7,1
Civil,Tier1,6.1,71.5,99.0,3,3,2,80.0,4,0,5.7,37.8,0
CSE,Tier1,9.29,84.2,93.5,1,1,2,190.0,2,2,5.4,54.0,1
CSE,Tier2,7.2,84.1,47.3,0,0,2,111.0,1,1,2.5,52.3,1
Mechanical,Tier3,7.94,75.8,77.6,0,2,0,35.0,2,4,9.2,45.4,1
CSE,Tier3,6.76,97.9,86.3,0,0,1,61.0,2,2,5.8,54.7,1
CSE,Tier2,6.25,73.4,75.2,2,1,6,267.0,4,1,4.5,69.9,1
ECE,Tier2,7.07,78.9,72.4,0,0,0,9.0,2,0,6.2,65.3,1
Mechanical,Tier1,8.4,85.8,74.3,0,0,1,62.0,0,0,3.5,44.3,1
CSE,Tier1,6.78,88.0,82.5,0,0,3,51.0,3,0,4.3,,1
IT,Tier3,6.43,91.5,,1,1,2,32.0,1,1,8.8,31.9,1
Mechanical,Tier3,7.46,83.9,88.9,0,1,5,29.0,0,1,5.1,54.6,0
Civil,Tier3,7.8,,76.4,0,0,1,30.0,2,1,6.0,57.0,0
ECE,Tier3,8.94,74.0,67.6,1,1,2,52.0,1,1,6.2,61.8,1
CSE,Tier3,7.65,88.3,88.2,0,3,4,214.0,3,1,5.7,40.7,1
CSE,Tier3,7.94,88.1,61.5,0,2,4,86.0,0,1,5.0,46.9,1
CSE,Tier2,8.02,93.6,71.4,0,0,1,16.0,1,0,10.0,66.6,1
CSE,Tier1,6.15,65.0,,3,0,3,48.0,1,2,4.7,50.5,1
EEE,Tier1,6.34,71.8,98.4,1,1,0,34.0,2,1,4.4,36.3,0
CSE,Tier1,6.22,87.4,70.1,1,2,1,67.0,1,0,6.9,30.7,1
ECE,Tier1,5.97,56.1,55.5,5,5,8,62.0,3,0,3.7,44.0,1
,Tier2,8.1,,71.2,0,0,1,51.0,1,0,7.8,54.0,1
ECE,Tier3,7.59,89.5,81.6,0,0,4,70.0,1,0,5.6,37.5,1
CSE,Tier3,7.38,74.8,84.8,0,1,3,8.0,1,0,6.2,48.2,1
Mechanical,Tier2,4.71,76.1,99.0,2,0,2,80.0,1,1,6.5,32.7,0
EEE,Tier1,9.36,70.3,91.1,1,1,3,7.0,2,0,5.4,54.7,1
EEE,Tier3,6.41,75.3,78.9,2,0,4,58.0,1,0,7.6,41.9,0
CSE,Tier2,9.35,75.6,68.1,0,1,1,237.0,2,1,7.2,65.1,1
CSE,Tier1,5.85,73.9,93.2,1,3,4,7.0,2,0,6.9,45.3,0
Civil,Tier2,6.49,73.4,73.3,0,0,2,36.0,0,1,3.3,62.5,0
IT,Tier2,5.1,77.6,70.4,1,2,0,67.0,0,0,5.4,42.9,0
IT,Tier2,7.66,77.5,72.8,1,2,3,28.0,1,1,5.8,63.0,0
ECE,Tier3,6.2,96.9,64.5,0,2,3,3.0,1,0,9.1,30.1,0
,Tier3,6.23,76.5,72.3,1,0,2,82.0,2,3,3.5,48.0,0
Civil,Tier3,5.93,83.1,74.7,2,0,3,12.0,0,0,4.9,40.2,0
IT,Tier1,8.08,74.8,,0,1,3,501.0,3,2,7.9,,1
Civil,Tier3,8.01,74.7,73.1,0,0,6,13.0,1,0,4.3,58.1,1
CSE,Tier3,9.11,64.7,64.3,0,1,1,35.0,0,2,4.8,79.5,1
ECE,Tier1,6.61,65.9,61.0,0,0,2,1.0,0,2,9.0,36.9,1
ECE,Tier3,7.52,69.1,79.1,0,1,2,12.0,0,1,6.7,44.1,0
CSE,Tier2,6.01,81.7,,2,0,1,42.0,1,0,7.5,49.1,0
CSE,Tier2,6.96,89.7,71.5,0,2,0,92.0,1,2,7.3,48.3,1
IT,Tier1,6.78,63.9,72.3,0,4,1,146.0,3,3,6.2,37.6,1
Civil,Tier2,7.76,75.1,80.9,0,0,6,23.0,4,3,6.2,58.3,1
ECE,Tier1,,67.7,90.9,0,2,0,58.0,2,0,7.6,50.6,1
Civil,Tier1,8.29,77.6,69.2,0,0,0,118.0,1,0,4.5,61.9,1
Mechanical,Tier1,6.46,89.7,77.9,1,0,2,30.0,4,0,,26.9,1
ECE,Tier3,8.3,76.0,,0,0,1,24.0,1,2,5.0,53.0,0
Mechanical,Tier2,7.26,79.6,69.2,0,0,2,14.0,1,0,7.8,53.2,0
CSE,Tier2,6.98,93.1,76.8,0,1,4,94.0,2,1,6.9,51.9,1
CSE,Tier2,6.59,84.1,76.6,0,1,6,264.0,1,1,5.0,56.3,1
Mechanical,Tier3,6.74,73.2,63.9,0,0,0,36.0,3,0,6.9,45.8,0
Mechanical,Tier2,9.04,81.4,78.7,0,1,3,60.0,0,0,6.2,65.6,1
CSE,Tier3,7.61,72.6,77.3,0,0,1,95.0,3,0,2.8,52.2,0
ECE,Tier2,7.47,83.8,82.6,0,1,2,35.0,3,1,5.8,61.2,1
ECE,Tier1,7.04,84.6,65.1,1,0,1,178.0,2,0,3.8,31.7,1
Mechanical,Tier2,9.75,67.7,77.1,0,1,6,50.0,0,3,6.9,32.5,1
ECE,Tier2,8.61,81.6,,0,1,2,74.0,2,0,5.7,73.1,1
IT,Tier3,6.58,78.9,97.8,0,0,1,139.0,3,1,7.6,41.1,1
IT,Tier3,7.03,84.9,89.8,1,1,0,92.0,2,0,4.7,29.7,0
IT,Tier2,7.09,87.5,65.2,0,0,2,56.0,0,0,3.7,48.5,0
EEE,Tier3,7.45,84.3,81.5,1,2,3,104.0,1,0,4.1,46.0,0
Mechanical,Tier2,6.6,77.3,72.2,0,1,6,6.0,0,0,9.6,52.4,1
ECE,Tier2,7.74,88.4,79.8,0,1,3,20.0,2,0,10.0,59.6,1
CSE,Tier2,8.75,72.1,69.3,0,1,3,50.0,4,1,9.6,53.8,1
CSE,Tier1,5.99,68.1,59.9,2,2,2,195.0,2,0,3.2,56.1,1
EEE,Tier3,,51.2,73.6,1,0,7,107.0,0,0,3.5,31.3,0
Mechanical,Tier1,6.82,79.4,84.2,1,3,2,10.0,1,0,4.1,20.9,1
CSE,Tier2,6.86,72.6,79.9,1,3,1,81.0,1,0,7.4,51.1,1
CSE,Tier2,9.3,83.6,81.0,0,1,1,190.0,1,1,9.8,58.4,1
ECE,Tier1,8.3,62.3,79.2,0,1,2,21.0,2,0,7.6,33.8,0
CSE,Tier1,8.24,74.2,81.0,0,1,4,148.0,3,1,6.3,63.5,1
Mechanical,Tier3,7.04,84.2,82.3,0,0,2,31.0,4,1,4.3,29.8,0
IT,Tier1,7.01,70.7,74.3,0,2,3,372.0,2,0,5.5,48.7,1
CSE,Tier2,5.85,83.7,77.8,1,2,2,57.0,1,0,6.2,53.4,0
Civil,Tier2,8.08,75.0,94.4,1,0,3,67.0,3,1,7.6,58.5,1
CSE,Tier2,7.79,79.7,78.4,0,0,3,65.0,3,1,5.1,56.4,1
IT,Tier1,8.59,85.4,77.4,1,2,1,107.0,1,2,6.7,52.2,1
CSE,Tier3,7.09,88.6,78.0,0,3,3,27.0,2,1,6.5,52.5,1
,Tier3,7.16,80.8,74.8,0,2,2,149.0,0,0,6.2,56.9,1
CSE,Tier1,7.47,72.7,72.6,1,1,6,216.0,2,0,5.3,44.6,1
CSE,Tier3,8.19,75.9,79.1,0,2,4,23.0,1,0,6.2,42.4,1
CSE,Tier2,5.83,85.7,71.9,0,2,1,47.0,0,0,5.8,53.6,1
CSE,Tier3,8.04,70.8,75.5,0,0,3,201.0,3,2,,77.4,1
,Tier3,7.28,78.4,69.1,0,3,1,28.0,2,0,7.6,69.3,1
EEE,Tier3,6.24,76.5,78.1,5,1,2,34.0,1,1,8.8,14.7,0
IT,Tier3,5.22,79.1,82.8,1,1,3,33.0,0,1,6.3,56.1,0
IT,Tier2,7.16,70.9,74.9,1,0,3,220.0,0,2,5.9,43.2,0
ECE,Tier2,8.75,63.3,56.9,1,2,4,11.0,2,2,7.4,80.3,1
Mechanical,Tier2,8.97,84.7,82.9,0,1,2,34.0,1,1,6.3,47.4,1
Mechanical,Tier1,7.66,88.7,78.2,1,1,2,22.0,0,1,8.1,39.7,1
CSE,Tier3,9.26,63.9,67.1,0,0,2,171.0,0,0,6.2,60.7,1
CSE,Tier1,7.26,83.3,84.7,0,3,1,450.0,0,1,7.1,46.5,1
,Tier2,8.25,89.7,63.0,0,0,3,17.0,2,0,9.1,52.0,1
CSE,Tier1,6.85,85.4,87.5,0,1,4,53.0,2,1,8.3,60.6,1
ECE,Tier1,6.79,76.2,76.4,1,6,4,27.0,0,0,5.7,,1
IT,Tier3,6.62,,54.3,1,1,3,26.0,0,2,7.9,36.8,0
CSE,Tier3,,80.7,78.8,2,0,3,94.0,0,2,4.1,60.9,0
IT,Tier2,8.59,,72.9,1,2,2,182.0,2,3,5.6,43.2,1
ECE,Tier1,6.66,80.9,71.4,0,1,1,46.0,1,1,7.5,41.0,0
CSE,Tier2,6.5,78.4,69.6,2,2,1,152.0,1,1,8.8,77.9,1
Mechanical,Tier2,6.12,70.3,75.7,1,4,2,20.0,0,2,4.6,50.0,0
CSE,Tier3,7.1,83.8,72.1,0,1,3,153.0,1,0,6.0,42.6,1
Civil,Tier2,9.06,84.2,58.4,0,0,1,45.0,0,0,6.0,63.5,0
CSE,Tier2,9.39,81.8,89.7,1,0,4,31.0,2,0,5.8,70.4,1
Mechanical,Tier2,5.64,81.0,74.6,2,0,2,39.0,0,3,3.8,47.2,0
Civil,Tier3,6.95,95.1,69.7,0,0,0,22.0,1,1,6.9,65.1,0
Civil,Tier3,6.27,74.4,65.7,0,3,3,239.0,1,0,3.7,35.9,0
Mechanical,Tier2,8.29,91.5,84.7,2,1,0,76.0,3,0,8.0,48.6,1
Mechanical,Tier2,7.59,73.4,64.0,1,0,2,43.0,3,2,8.4,42.3,1
ECE,Tier1,6.66,90.0,78.3,0,2,2,98.0,2,1,4.9,38.3,1
,Tier3,7.37,91.1,71.2,0,0,3,62.0,2,1,3.7,52.4,1
CSE,Tier2,6.82,77.4,71.7,1,3,0,31.0,0,0,5.9,36.3,1
ECE,Tier2,8.91,94.9,66.0,0,0,2,119.0,1,2,5.1,63.1,1
,Tier3,7.85,84.2,70.8,1,1,0,10.0,0,1,5.6,61.8,0
Mechanical,Tier3,7.97,72.1,77.1,0,0,2,109.0,1,2,6.2,40.2,1
ECE,Tier1,4.63,76.6,79.4,2,3,4,46.0,0,0,4.3,30.6,0
IT,Tier1,7.23,90.2,69.1,0,2,2,94.0,0,1,9.0,45.0,1
ECE,Tier1,,88.3,76.1,1,0,3,19.0,2,0,4.8,59.3,1
CSE,Tier2,8.63,70.5,85.9,0,0,0,120.0,2,0,7.7,,1
CSE,Tier1,5.45,78.7,60.4,1,1,1,149.0,0,0,4.4,53.1,0
ECE,Tier3,6.99,81.8,76.9,1,1,3,56.0,2,1,6.1,61.7,0
IT,Tier3,6.1,75.4,67.5,1,0,2,114.0,2,2,6.8,35.8,0
CSE,Tier2,9.01,99.0,66.5,0,4,3,84.0,1,0,6.2,68.4,1
IT,Tier3,7.54,82.1,79.6,0,1,2,162.0,2,0,5.5,69.2,1
IT,Tier2,6.53,79.4,,2,1,1,68.0,5,1,5.1,62.2,0
IT,Tier1,7.33,90.7,64.8,0,1,2,90.0,3,0,5.3,54.1,1
IT,Tier3,4.69,76.7,90.2,0,0,1,132.0,4,2,4.8,37.8,1
EEE,Tier1,6.22,89.1,86.2,3,2,5,39.0,2,0,,29.2,0
,Tier1,7.34,65.0,57.7,1,1,4,25.0,1,0,9.3,46.7,0
Civil,Tier2,8.15,75.9,62.3,0,0,2,46.0,1,0,6.6,37.8,0
Civil,Tier1,5.36,89.4,82.9,3,2,3,46.0,0,2,7.1,55.5,0
,Tier2,6.92,,74.2,0,1,3,43.0,0,1,7.9,46.4,1
IT,Tier3,8.31,,92.0,0,0,0,85.0,1,1,5.2,55.5,0
ECE,Tier3,5.85,72.0,83.2,2,0,1,29.0,0,1,,36.8,0
Mechanical,Tier3,7.53,85.1,80.0,0,2,4,40.0,3,0,6.0,35.7,0
EEE,Tier3,7.37,74.4,66.8,0,1,3,20.0,1,1,7.5,60.4,1
Mechanical,Tier2,9.01,77.6,81.9,1,1,0,103.0,3,1,9.6,66.1,1
ECE,Tier3,7.07,87.9,64.2,0,1,3,54.0,0,1,4.2,61.6,0
ECE,Tier2,7.13,75.1,90.1,0,1,1,49.0,4,1,,29.6,1
IT,Tier2,8.15,62.3,81.2,0,1,4,213.0,1,1,6.5,71.6,1
EEE,Tier3,,68.3,68.8,1,1,1,17.0,0,2,5.3,43.4,0
CSE,Tier2,7.08,80.1,85.0,0,2,2,64.0,1,1,4.1,59.7,1
EEE,Tier1,6.84,63.2,99.0,0,5,5,24.0,1,2,4.9,17.6,1
Mechanical,Tier2,7.16,77.3,74.8,0,1,2,51.0,0,0,7.0,55.7,0
CSE,Tier2,,67.5,82.5,1,2,3,42.0,0,1,8.2,54.9,1
ECE,Tier2,7.85,94.8,72.7,0,0,3,69.0,1,2,1.1,51.6,1
CSE,Tier2,6.55,99.0,77.9,0,1,2,125.0,2,0,6.9,46.6,0
EEE,Tier3,7.44,70.5,61.9,0,0,5,22.0,1,0,5.0,45.0,0
,Tier2,8.79,82.3,77.0,0,0,0,28.0,5,1,5.1,42.0,0
Civil,Tier2,6.47,71.4,77.4,4,0,4,49.0,1,1,6.7,32.2,0
CSE,Tier2,,77.2,95.0,0,1,1,18.0,2,0,9.5,52.5,0
Civil,Tier3,7.11,96.2,59.0,0,0,1,21.0,2,1,4.7,66.3,0
Mechanical,Tier1,7.24,75.8,74.2,0,0,4,35.0,2,2,,64.5,1
ECE,Tier1,5.67,77.4,89.9,1,1,3,33.0,2,2,3.2,46.1,0
Mechanical,Tier2,8.71,71.5,74.6,1,0,0,23.0,0,0,6.8,52.7,0
Mechanical,Tier3,6.53,90.3,75.3,0,1,3,66.0,1,1,4.8,72.4,1
Civil,Tier3,8.33,50.6,68.7,0,0,4,18.0,2,0,8.8,64.8,1
CSE,Tier2,6.68,76.0,67.7,0,1,3,57.0,1,1,6.6,55.5,1
ECE,Tier3,6.67,79.6,58.7,0,0,1,42.0,0,2,5.5,32.4,0
CSE,Tier2,8.51,74.1,70.7,0,0,5,106.0,1,1,5.5,,1
ECE,Tier1,8.29,87.8,67.1,0,1,4,13.0,2,0,6.7,41.6,1
CSE,Tier1,7.51,,78.2,0,4,0,102.0,0,0,7.2,77.5,1
ECE,Tier1,8.06,67.3,69.1,1,4,1,25.0,1,2,3.9,45.2,1
ECE,Tier2,7.01,,72.2,0,1,2,24.0,0,0,5.7,,1
ECE,Tier2,7.29,67.2,72.5,1,1,0,48.0,0,2,6.0,43.7,0
ECE,Tier2,6.64,91.6,,2,0,4,16.0,1,0,6.4,43.7,0
EEE,Tier2,8.2,81.3,71.7,0,0,2,32.0,3,1,8.4,64.1,1
Mechanical,Tier2,6.61,75.5,66.4,0,3,3,37.0,0,1,3.4,48.1,1
ECE,Tier3,8.79,76.3,77.9,0,0,3,49.0,1,0,7.7,59.4,0
ECE,Tier3,6.98,79.7,,0,0,1,22.0,4,1,6.7,58.6,0
Civil,Tier2,7.32,81.9,78.3,0,0,0,56.0,1,2,5.1,33.4,0
CSE,Tier2,8.06,71.7,70.9,1,2,2,169.0,0,1,7.5,64.3,1
CSE,Tier2,7.32,77.9,75.8,0,1,2,167.0,0,0,5.3,53.2,1
CSE,Tier2,7.0,73.1,56.5,0,1,3,31.0,6,0,2.7,41.6,1
EEE,Tier2,7.27,69.1,75.6,1,1,8,65.0,3,1,1.0,52.9,1
IT,Tier2,8.19,,73.0,1,0,3,168.0,2,2,3.8,57.3,1
Mechanical,Tier3,6.64,69.7,67.7,0,0,5,118.0,0,0,5.0,16.7,0
EEE,Tier3,7.17,76.2,69.5,0,3,1,14.0,1,1,6.3,67.4,1
IT,Tier1,7.31,83.9,72.9,0,1,1,237.0,0,1,,66.1,1
Mechanical,Tier2,8.16,81.1,86.9,0,1,3,7.0,3,1,5.5,40.2,1
,Tier3,7.2,97.8,87.9,0,1,3,69.0,1,2,3.5,41.9,1
,Tier1,9.11,60.1,67.7,0,0,4,196.0,1,3,5.3,76.8,1
IT,Tier3,7.14,84.2,71.8,1,0,2,167.0,4,1,5.6,58.7,0
IT,Tier1,7.06,80.1,,1,4,1,24.0,5,2,9.1,55.0,1
CSE,Tier2,7.13,87.3,85.1,0,1,0,227.0,1,1,7.0,55.9,1
CSE,Tier2,5.98,86.4,78.5,0,2,6,424.0,3,1,,49.4,1
Civil,Tier1,6.26,78.5,77.9,2,0,3,16.0,2,1,5.4,33.5,0
IT,Tier3,6.77,81.6,82.4,0,0,1,75.0,2,1,7.3,42.1,0
IT,Tier2,,73.3,71.0,0,0,4,53.0,1,0,6.0,69.1,1
EEE,Tier3,,85.5,90.6,0,2,4,59.0,5,3,3.1,59.2,1
ECE,Tier2,6.82,63.1,77.0,0,1,2,27.0,2,0,,52.5,0
Civil,Tier3,8.53,87.0,68.4,0,0,3,62.0,0,1,6.7,49.9,1
Mechanical,Tier3,,79.8,74.7,1,0,0,34.0,1,1,5.7,71.1,1
ECE,Tier2,8.56,75.6,89.3,0,1,4,43.0,0,1,4.5,,1
IT,Tier2,6.45,77.9,72.7,3,0,5,96.0,2,0,7.8,65.0,0
Civil,Tier3,6.8,78.6,86.5,0,1,1,7.0,2,0,2.7,40.3,0
EEE,Tier2,9.11,91.7,70.7,0,4,3,41.0,0,1,3.2,50.1,1
Civil,Tier3,7.54,99.0,69.3,0,0,1,10.0,0,1,4.7,53.1,0
CSE,Tier2,7.03,91.0,83.6,2,1,4,29.0,1,0,6.5,52.7,1
Mechanical,Tier2,8.02,74.9,68.3,0,1,3,92.0,1,0,3.5,56.3,1
ECE,Tier1,8.31,85.7,85.2,0,4,4,58.0,1,0,5.0,40.7,1
CSE,Tier3,6.73,86.1,80.5,0,0,2,138.0,2,0,5.4,53.7,1
ECE,Tier3,7.52,71.7,68.3,0,1,2,42.0,1,0,6.6,,1
EEE,Tier1,8.23,,76.3,1,2,3,150.0,0,0,5.5,55.2,1
CSE,Tier3,6.14,79.4,,1,0,4,102.0,3,2,5.5,27.1,0
ECE,Tier3,7.31,87.3,80.5,2,1,1,36.0,1,1,4.7,49.0,0
Mechanical,Tier1,6.19,65.5,95.9,1,3,2,35.0,2,0,8.0,32.3,1
IT,Tier1,6.32,73.5,73.3,4,2,5,205.0,0,0,7.2,23.4,0
ECE,Tier3,6.74,85.2,82.3,0,1,4,39.0,0,1,7.1,42.1,1
IT,Tier3,7.78,80.4,77.2,1,0,3,120.0,2,3,4.6,73.4,1
IT,Tier1,6.98,92.7,77.2,1,5,2,216.0,1,0,5.1,48.9,1
Civil,Tier3,6.65,67.3,75.3,1,2,0,56.0,0,1,6.9,45.0,0
Mechanical,Tier2,7.35,99.0,,0,0,1,72.0,3,1,4.9,60.3,1
CSE,Tier3,6.15,66.2,80.4,1,3,2,52.0,2,0,4.3,53.1,0
Civil,Tier3,7.73,61.7,74.1,0,1,3,14.0,2,1,6.5,,0
Mechanical,Tier3,8.43,79.5,68.0,1,1,1,105.0,0,0,3.6,79.6,0
IT,Tier2,7.22,69.8,87.1,1,0,2,176.0,2,1,5.6,53.5,0
,Tier2,7.1,,,0,2,1,60.0,0,0,7.6,61.4,1
CSE,Tier2,7.67,79.3,74.7,1,0,2,126.0,4,0,,46.2,1
Civil,Tier1,5.27,78.2,90.4,4,1,0,39.0,0,1,4.1,17.9,0
EEE,Tier3,7.84,72.4,,0,0,3,22.0,0,2,6.9,52.8,0
EEE,Tier1,10.0,83.9,89.7,0,2,3,21.0,0,3,4.9,51.8,1
CSE,Tier2,7.18,77.1,68.2,1,0,1,35.0,5,1,7.5,64.9,1
Mechanical,Tier1,7.18,89.9,79.1,0,3,2,10.0,0,1,6.9,33.9,1
CSE,Tier2,8.04,78.4,,1,2,2,45.0,3,2,5.4,55.5,1
CSE,Tier2,8.95,71.3,67.8,1,1,2,72.0,2,0,4.7,66.9,1
CSE,Tier3,8.27,,90.1,0,0,3,261.0,2,1,,61.5,1
Mechanical,Tier3,5.14,78.5,95.6,1,1,1,10.0,3,0,10.0,34.7,0
CSE,Tier1,7.86,68.6,74.8,0,2,1,107.0,1,0,1.9,33.0,1
,Tier3,9.87,67.9,80.4,1,0,2,111.0,4,1,2.8,46.3,0
EEE,Tier3,7.92,84.7,77.6,0,0,4,81.0,1,0,8.0,45.5,1
CSE,Tier2,,64.0,94.3,0,1,4,99.0,0,1,7.6,28.8,0
CSE,Tier3,7.58,92.7,55.9,0,0,3,56.0,2,1,6.6,52.0,1
CSE,Tier2,6.02,81.4,,1,2,0,13.0,2,0,2.4,35.9,0
ECE,Tier1,8.53,79.6,69.7,0,1,1,44.0,0,0,7.0,42.2,1
Mechanical,Tier2,6.34,70.7,53.4,3,1,1,64.0,0,0,4.2,29.6,0
CSE,Tier1,,86.9,73.4,0,2,0,57.0,1,0,5.8,32.8,1
Mechanical,Tier3,,,95.5,0,0,3,85.0,0,2,6.7,,1
CSE,Tier3,6.75,73.8,70.4,0,0,2,90.0,3,1,6.9,,1
Mechanical,Tier3,8.79,81.8,84.9,0,0,2,49.0,2,0,4.8,59.2,1
Civil,Tier2,7.4,,89.0,1,1,1,39.0,1,1,8.3,51.1,1
Mechanical,Tier2,6.74,65.3,76.9,0,1,1,85.0,1,0,7.5,46.3,1
EEE,Tier3,6.15,69.9,78.2,2,2,2,86.0,3,0,4.3,53.5,0
Mechanical,Tier2,5.43,83.1,,1,0,0,58.0,2,1,,24.5,0
CSE,Tier1,6.05,80.0,69.8,0,1,5,78.0,2,0,4.6,53.1,1
CSE,Tier2,7.41,89.4,86.1,1,0,3,96.0,3,0,5.9,56.8,1
CSE,Tier2,8.28,71.7,77.6,1,4,4,385.0,2,0,7.1,54.0,1
ECE,Tier2,6.74,85.2,80.7,0,1,2,116.0,1,0,2.7,39.0,1
EEE,Tier1,8.87,,78.3,0,4,0,41.0,1,0,2.4,59.8,1
ECE,Tier2,6.58,71.5,98.9,1,1,1,15.0,1,1,4.5,53.3,0
Mechanical,Tier2,7.06,83.5,,0,0,1,75.0,1,1,8.4,33.5,1
CSE,Tier1,6.22,79.4,93.1,1,2,1,67.0,1,2,6.4,53.4,1
EEE,Tier1,8.29,74.3,78.3,0,4,2,101.0,1,0,8.8,77.3,1
CSE,Tier2,9.4,80.4,93.9,0,0,1,56.0,1,2,5.7,61.2,1
,Tier3,5.54,78.8,64.8,0,1,2,68.0,1,1,4.5,58.3,0
EEE,Tier2,6.95,78.6,78.8,1,1,1,13.0,2,0,3.0,55.5,1
Civil,Tier3,8.56,76.3,73.1,0,0,2,130.0,3,1,4.5,61.0,1
ECE,Tier3,5.85,,78.4,3,3,2,17.0,1,0,4.9,35.9,0
CSE,Tier2,7.87,80.7,89.2,0,3,2,178.0,0,0,1.6,50.2,1
ECE,Tier3,8.52,,80.8,0,0,3,34.0,1,2,4.5,45.8,1
CSE,Tier3,7.38,70.8,89.2,0,2,0,69.0,3,0,4.5,63.2,0
Mechanical,Tier2,7.85,77.8,70.3,0,0,3,26.0,0,1,6.0,45.3,0
,Tier1,9.06,86.6,68.8,0,6,2,100.0,4,0,5.9,81.4,1
CSE,Tier1,9.25,81.7,77.2,0,0,2,532.0,2,3,6.6,66.5,1
CSE,Tier3,7.24,75.2,76.6,0,1,1,231.0,4,0,3.1,55.9,1
CSE,Tier3,6.77,74.9,,0,1,1,17.0,2,2,4.0,33.0,0
Civil,Tier3,6.38,,67.4,1,2,4,71.0,5,0,7.7,54.9,0
,Tier3,8.28,58.4,89.0,0,1,4,34.0,1,1,5.5,53.7,0
Mechanical,Tier1,5.93,87.2,73.4,0,0,4,36.0,0,2,7.5,37.9,0
ECE,Tier3,,63.1,91.3,0,0,3,46.0,2,0,5.7,42.4,1
ECE,Tier2,7.4,67.3,77.1,0,1,4,40.0,1,0,6.3,37.1,1
CSE,Tier3,6.8,75.4,83.5,0,2,3,144.0,0,1,7.0,,1
Civil,Tier1,7.58,99.0,82.6,1,3,7,33.0,1,1,,50.9,1
IT,Tier2,9.86,95.1,68.8,0,0,3,191.0,3,1,4.8,48.6,1
ECE,Tier3,7.18,,80.7,0,1,1,42.0,2,0,4.8,57.1,1
EEE,Tier3,6.86,83.2,96.3,0,2,4,43.0,1,0,5.9,74.9,1
ECE,Tier3,8.32,63.2,79.5,1,0,1,39.0,2,0,7.0,39.5,0
Civil,Tier2,7.54,81.4,86.0,0,0,4,71.0,1,1,5.3,51.3,0
CSE,Tier2,8.74,75.1,83.9,1,0,5,72.0,2,0,8.1,,1
ECE,Tier3,7.46,72.6,80.1,1,2,3,58.0,0,1,9.1,43.0,0
IT,Tier2,,81.4,78.9,0,1,4,109.0,2,1,4.4,55.5,0
ECE,Tier2,5.52,75.8,82.5,0,0,4,101.0,2,2,,47.3,0
CSE,Tier2,5.68,87.8,84.6,1,0,3,76.0,2,0,6.0,51.3,0
CSE,Tier2,5.46,62.6,,2,0,2,194.0,3,0,6.7,64.3,1
CSE,Tier2,7.68,80.7,79.5,0,0,2,126.0,3,0,5.8,31.9,1
IT,Tier2,5.94,72.1,75.2,3,0,4,239.0,2,2,8.2,47.0,0
,Tier3,8.56,76.3,73.1,1,1,0,107.0,2,2,6.6,51.8,1
ECE,Tier3,7.33,82.7,90.0,0,0,2,28.0,1,3,5.4,51.2,0
ECE,Tier3,7.06,69.9,69.7,0,0,2,28.0,0,1,5.2,50.8,0
IT,Tier2,6.46,81.5,,0,0,2,118.0,1,0,3.8,43.8,0
,Tier2,7.92,78.1,85.0,0,0,2,100.0,2,1,5.0,41.6,1
CSE,Tier3,6.5,74.1,62.8,0,0,4,74.0,1,0,8.2,35.2,0
ECE,Tier3,6.31,75.8,57.7,2,0,1,48.0,3,0,7.9,72.1,0
IT,Tier2,8.49,78.6,86.1,0,1,3,6.0,1,1,4.8,40.9,1
CSE,Tier3,7.65,73.1,78.6,0,0,1,87.0,1,2,4.0,68.0,0
IT,Tier3,7.07,80.1,81.7,1,1,3,103.0,3,0,,37.9,0
ECE,Tier3,7.94,77.5,72.6,0,1,3,9.0,3,0,6.8,55.9,1
CSE,Tier3,7.31,74.5,63.2,0,3,2,41.0,2,0,2.4,75.2,0
ECE,Tier2,7.68,94.3,65.1,0,1,1,17.0,1,0,10.0,63.0,1
ECE,Tier2,6.48,83.7,74.3,3,1,2,38.0,0,0,,30.2,0
EEE,Tier2,9.37,76.6,64.3,0,1,1,33.0,3,1,9.1,57.8,1
ECE,Tier1,6.72,81.3,80.1,0,1,2,33.0,0,0,6.3,48.3,0
EEE,Tier3,8.86,70.8,72.4,0,0,1,9.0,1,2,4.1,71.6,1
IT,Tier3,7.11,76.1,78.9,0,1,3,206.0,0,1,6.3,51.1,1
Mechanical,Tier1,8.11,,78.6,0,1,5,98.0,0,2,3.4,53.6,1
ECE,Tier3,8.03,68.8,80.9,2,1,1,11.0,1,2,5.8,75.8,0
IT,Tier3,8.45,83.5,82.0,0,1,1,79.0,0,1,4.0,76.2,1
ECE,Tier3,6.46,75.4,73.6,2,1,2,33.0,3,0,5.6,,0
IT,Tier2,8.38,76.8,78.8,0,0,0,134.0,0,1,6.4,49.4,0
ECE,Tier3,9.15,74.9,79.4,0,1,2,28.0,4,0,,28.9,1
EEE,Tier2,7.04,99.0,52.7,0,0,0,77.0,2,0,,34.9,0
Mechanical,Tier2,7.33,74.0,83.5,0,1,1,15.0,1,1,4.8,33.1,0
Civil,Tier1,6.78,61.4,78.5,0,0,2,64.0,1,0,2.4,48.1,0
ECE,Tier3,6.95,65.6,82.6,0,2,1,52.0,3,0,7.1,61.0,1
ECE,Tier3,9.01,86.8,64.1,0,1,3,13.0,3,1,6.4,83.8,1
Mechanical,Tier2,6.3,92.0,73.8,1,1,1,30.0,2,1,,61.8,0
IT,Tier2,6.36,73.9,,7,1,3,36.0,2,2,8.5,38.3,0
Mechanical,Tier3,8.91,91.5,84.4,0,0,3,136.0,1,0,6.8,62.6,1
ECE,Tier3,7.92,,62.9,2,1,2,35.0,1,0,5.8,59.5,0
CSE,Tier2,9.42,78.3,67.7,0,0,2,68.0,2,0,5.1,43.4,1
CSE,Tier3,6.85,77.7,82.3,0,0,2,18.0,0,1,4.9,38.8,1
Mechanical,Tier3,7.43,81.6,70.7,1,1,5,50.0,1,1,4.6,47.0,1
CSE,Tier3,6.64,87.9,67.7,0,1,1,75.0,2,0,8.1,73.8,0
IT,Tier3,7.44,83.6,,0,2,5,160.0,3,2,6.5,56.9,1
IT,Tier3,5.53,73.9,86.5,0,1,4,273.0,1,1,4.1,26.9,0
CSE,Tier3,7.98,78.4,84.2,1,0,1,176.0,2,1,8.3,49.8,0
IT,Tier3,7.62,97.8,85.5,0,4,5,41.0,1,0,5.8,58.5,1
EEE,Tier1,7.24,82.3,74.7,0,1,2,27.0,1,1,4.3,48.2,0
CSE,Tier2,6.91,87.8,75.0,1,2,1,29.0,3,1,9.6,45.3,0
Mechanical,Tier3,6.41,84.9,70.5,1,2,2,22.0,2,0,4.0,55.8,1
Mechanical,Tier2,8.03,,78.7,1,2,2,80.0,1,1,4.5,72.0,1
IT,Tier3,6.13,81.0,71.7,4,1,3,59.0,1,0,6.0,60.2,0
CSE,Tier1,7.81,88.1,72.7,2,0,0,161.0,1,0,6.6,50.5,1
ECE,Tier2,9.37,86.5,83.0,1,0,2,26.0,1,0,4.6,59.9,1
CSE,Tier2,8.79,,88.8,0,3,2,173.0,0,0,2.0,55.2,1
,Tier2,5.79,73.8,81.0,0,0,3,41.0,0,0,6.1,56.6,1
Civil,Tier1,6.76,83.5,94.9,0,1,1,14.0,1,1,4.1,44.1,0
Civil,Tier1,7.72,79.4,69.9,0,1,2,135.0,0,0,5.4,30.5,0
Mechanical,Tier3,7.23,77.2,58.6,0,2,1,18.0,2,1,4.5,56.9,0
IT,Tier2,5.9,99.0,84.1,1,1,3,203.0,0,3,4.0,50.9,0
EEE,Tier1,7.69,66.1,69.3,1,3,1,57.0,2,0,5.5,48.6,1
EEE,Tier1,7.29,88.6,74.3,0,1,1,22.0,3,1,4.9,73.7,1
IT,Tier2,9.21,72.2,59.3,0,1,2,54.0,1,1,4.5,54.6,1
,Tier1,7.05,81.2,68.0,0,1,3,31.0,1,0,7.7,67.2,1
CSE,Tier3,8.47,99.0,62.0,0,2,4,206.0,1,0,4.2,,1
CSE,Tier3,6.03,71.3,72.7,1,1,1,67.0,3,1,5.5,48.5,0
ECE,Tier2,6.27,73.5,73.1,1,4,3,64.0,2,2,5.9,36.7,1
CSE,Tier2,8.02,79.8,77.9,0,0,2,130.0,1,0,3.0,54.2,1
,Tier1,8.38,72.4,89.4,0,2,4,133.0,1,3,4.0,66.1,1
Mechanical,Tier2,6.34,88.0,83.8,0,1,4,138.0,0,1,5.9,,1
Civil,Tier3,7.32,75.2,60.8,0,0,3,60.0,2,0,5.9,43.2,0
ECE,Tier2,5.92,85.9,83.1,4,1,0,53.0,2,1,4.6,41.9,0
Mechanical,Tier3,7.12,68.0,,0,1,1,7.0,1,0,6.0,95.7,0
Civil,Tier2,8.14,63.7,76.0,0,3,1,98.0,3,1,6.5,58.1,0
CSE,Tier2,6.87,77.9,76.8,0,0,1,176.0,1,0,7.1,51.0,1
IT,Tier2,7.05,65.9,79.0,0,0,1,128.0,3,2,7.2,55.5,0
IT,Tier2,6.17,93.7,70.1,2,3,1,78.0,1,1,8.2,25.3,1
CSE,Tier3,6.65,66.2,75.2,0,0,1,19.0,5,0,6.2,,1
EEE,Tier1,9.06,70.7,88.8,1,2,0,59.0,3,1,3.5,68.8,0
IT,Tier3,7.37,83.7,70.0,0,2,2,101.0,3,0,5.5,30.5,0
ECE,Tier3,6.3,74.7,66.7,0,1,2,131.0,0,0,3.7,75.3,1
CSE,Tier2,6.99,66.3,76.4,0,1,2,161.0,0,1,7.5,50.0,1
CSE,Tier2,,98.4,,3,0,2,111.0,2,0,8.5,30.1,0
Civil,Tier2,6.29,71.0,59.8,2,1,3,159.0,1,0,6.0,50.2,0
CSE,Tier2,8.66,78.2,73.6,0,0,2,101.0,3,1,8.1,47.4,1
CSE,Tier3,,78.1,91.5,0,2,4,309.0,0,0,8.0,31.5,1
IT,Tier2,9.19,86.4,76.6,2,1,6,15.0,3,1,6.5,57.7,1
ECE,Tier3,7.2,84.2,78.8,0,0,3,180.0,3,0,6.9,48.3,1
ECE,Tier3,7.26,72.6,55.7,1,1,2,82.0,3,1,7.7,32.4,1
ECE,Tier2,,77.1,81.4,0,4,3,19.0,0,1,3.5,45.3,1
CSE,Tier3,4.63,78.0,77.9,1,2,3,369.0,0,0,6.4,25.7,0
CSE,Tier2,7.5,86.7,70.4,3,2,4,10.0,4,0,7.0,48.2,0
Mechanical,Tier3,7.25,69.5,78.8,1,0,4,14.0,0,2,3.4,59.0,1
ECE,Tier1,8.79,98.2,78.7,0,2,3,58.0,3,1,9.4,60.6,1
ECE,Tier3,8.26,73.2,66.4,0,0,1,98.0,1,2,8.0,55.9,1
EEE,Tier3,6.17,79.9,80.3,2,2,1,52.0,2,0,8.0,23.9,0
EEE,Tier3,8.54,69.6,89.0,0,1,2,8.0,2,0,6.7,57.4,1
CSE,Tier2,7.04,68.3,74.7,0,0,4,53.0,1,0,4.3,37.1,0
IT,Tier3,6.4,72.1,68.3,0,1,3,66.0,1,1,3.7,26.4,0
ECE,Tier2,7.5,71.3,75.2,1,2,2,56.0,0,1,5.8,63.0,1
IT,Tier3,7.1,76.3,85.5,0,0,4,92.0,2,0,,34.5,1
Mechanical,Tier1,8.84,71.2,64.7,0,2,2,93.0,1,0,7.0,60.3,1
ECE,Tier2,7.64,86.3,82.8,0,0,2,8.0,2,0,9.1,47.4,1
EEE,Tier2,7.51,73.0,70.2,1,1,5,65.0,1,1,5.4,41.1,0
Mechanical,Tier2,8.2,72.0,79.4,0,1,3,14.0,0,0,5.4,70.6,0
ECE,Tier2,8.39,76.5,71.4,1,0,3,111.0,1,0,6.0,49.8,0
Civil,Tier3,8.08,88.9,71.3,0,1,1,65.0,1,1,3.9,49.0,1
ECE,Tier2,8.72,81.9,92.2,0,0,4,37.0,2,0,8.7,49.8,1
Mechanical,Tier3,7.91,79.1,62.9,1,0,3,30.0,1,0,5.5,56.7,1
IT,Tier1,7.47,67.1,81.9,0,2,6,135.0,2,0,6.5,50.4,1
ECE,Tier3,8.54,69.7,94.3,0,2,1,91.0,1,1,7.5,49.3,1
ECE,Tier3,7.21,68.5,83.9,0,0,3,52.0,2,0,,40.0,0
CSE,Tier2,7.33,91.8,63.7,0,0,1,92.0,0,0,,51.2,1
IT,Tier3,,84.8,64.2,0,0,3,44.0,2,1,6.0,52.3,0
Civil,Tier3,8.92,72.2,69.5,0,1,1,35.0,4,1,7.8,80.3,1
ECE,Tier3,7.29,74.9,78.6,0,0,1,91.0,3,1,6.0,45.2,1
CSE,Tier2,6.85,72.6,79.3,0,1,3,181.0,0,1,1.0,53.2,0
IT,Tier2,8.76,72.0,64.3,0,2,4,250.0,0,2,4.3,57.7,1
CSE,Tier3,8.1,84.1,68.3,0,1,2,42.0,2,0,3.3,52.0,0
CSE,Tier2,7.62,77.4,68.9,1,1,1,21.0,1,0,9.5,63.9,0
Civil,Tier3,6.98,98.7,75.2,3,3,0,68.0,1,1,8.5,56.9,0
IT,Tier2,7.63,91.3,,0,1,1,27.0,1,1,2.1,59.9,0
IT,Tier3,7.28,91.8,67.7,0,1,3,250.0,0,1,4.2,,0
ECE,Tier1,6.64,86.0,67.2,0,2,2,69.0,0,1,3.5,28.8,0
,Tier1,7.43,76.2,65.7,0,1,1,128.0,2,1,6.4,57.4,1
CSE,Tier3,7.57,85.4,83.4,0,0,3,37.0,1,0,4.3,49.9,0
EEE,Tier3,6.92,76.9,76.6,0,1,1,41.0,0,2,5.5,43.5,0
ECE,Tier3,8.2,94.7,68.0,1,1,3,35.0,2,0,3.5,97.5,1
Civil,Tier3,8.59,83.6,73.4,1,1,2,53.0,1,2,6.8,40.3,0
ECE,Tier2,8.27,82.4,69.1,0,0,1,121.0,0,1,3.0,55.3,1
ECE,Tier2,7.02,,80.0,0,1,2,17.0,2,0,10.0,48.1,1
EEE,Tier1,8.06,95.7,99.0,0,2,3,31.0,1,1,8.7,54.3,1
,Tier2,7.38,67.1,82.5,1,1,4,37.0,1,1,10.0,39.7,1
EEE,Tier2,6.06,96.5,76.1,2,0,2,104.0,1,0,7.1,48.0,0
Civil,Tier3,7.97,78.3,70.4,2,1,2,44.0,2,1,8.8,41.4,0
Mechanical,Tier1,7.45,67.3,63.6,0,1,1,65.0,1,3,7.6,55.6,1
Mechanical,Tier1,9.89,73.2,84.3,0,4,2,110.0,3,1,4.2,66.3,1
CSE,Tier2,8.76,65.1,83.8,0,0,4,127.0,4,1,5.3,55.9,0
EEE,Tier1,8.01,85.9,72.3,0,0,1,31.0,0,2,6.8,54.2,1
IT,Tier2,7.55,70.7,89.1,0,1,0,238.0,1,1,8.1,71.8,1
ECE,Tier3,7.46,81.5,77.2,2,0,6,118.0,0,1,6.0,59.3,0
EEE,Tier2,6.3,90.2,84.7,1,2,3,61.0,3,0,7.0,48.6,1
Civil,Tier3,5.56,74.0,80.0,3,0,6,23.0,0,1,5.4,47.9,0
Civil,Tier3,6.43,77.6,75.2,1,1,5,29.0,2,3,5.3,47.6,0
IT,Tier3,7.25,68.3,67.5,0,1,0,294.0,2,1,3.4,57.9,1
EEE,Tier3,5.19,76.5,75.5,1,2,3,69.0,1,1,6.8,,0
,Tier2,6.76,99.0,85.4,0,1,0,33.0,1,1,5.1,75.3,0
IT,Tier1,7.05,87.0,71.9,0,0,2,17.0,2,1,,52.5,1
CSE,Tier2,7.08,77.6,81.4,0,0,2,176.0,1,1,4.9,84.3,1
CSE,Tier3,6.64,74.5,66.2,0,1,1,154.0,1,1,,74.8,1
Mechanical,Tier3,6.96,79.6,84.8,0,2,3,69.0,1,0,7.2,43.7,1
ECE,Tier2,9.02,81.2,80.1,1,0,3,20.0,0,0,5.7,,0
Civil,Tier2,7.96,76.2,65.0,0,1,3,32.0,1,1,7.9,59.2,1
ECE,Tier3,6.74,84.8,74.8,0,0,3,87.0,1,1,8.7,59.9,1
Civil,Tier3,7.23,71.4,86.3,0,2,2,2.0,0,0,5.5,52.7,0
IT,Tier2,7.27,71.4,64.4,0,0,1,78.0,2,0,7.8,65.8,1
Mechanical,Tier3,6.53,83.3,66.3,0,0,1,10.0,1,0,4.8,,0
CSE,Tier3,6.53,69.5,76.3,0,0,2,45.0,1,1,3.7,40.3,0
ECE,Tier3,8.31,86.6,98.3,0,0,4,78.0,0,0,4.3,54.3,1
Mechanical,Tier1,6.88,79.9,70.3,0,0,1,36.0,1,0,4.4,41.4,0
Civil,Tier1,6.21,63.5,,2,1,4,15.0,3,1,5.2,,0
Mechanical,Tier3,7.26,81.0,79.6,0,2,0,58.0,2,0,9.6,61.9,1
CSE,Tier2,7.42,64.8,71.1,0,0,3,62.0,2,0,5.1,38.8,0
IT,Tier2,5.33,86.2,78.6,2,1,4,88.0,1,0,5.3,33.5,0
CSE,Tier2,7.26,77.8,72.5,0,1,2,117.0,2,2,6.3,60.4,1
CSE,Tier1,8.17,96.7,73.4,0,1,1,251.0,0,0,3.6,70.5,1
EEE,Tier3,7.75,89.6,60.4,2,1,4,47.0,4,0,6.3,47.0,0
EEE,Tier2,9.53,70.5,76.8,1,2,0,29.0,0,0,7.2,50.2,1
Mechanical,Tier3,8.55,61.8,86.0,1,1,1,56.0,3,0,8.7,48.0,1
Mechanical,Tier2,,73.2,77.6,0,1,3,58.0,4,0,8.4,,1
EEE,Tier2,10.0,69.0,87.9,1,2,1,27.0,2,0,6.7,79.1,1
Mechanical,Tier1,8.06,96.4,82.8,1,3,2,36.0,3,0,5.6,59.3,1
CSE,Tier3,7.46,79.9,76.4,0,1,1,99.0,1,0,,55.3,1
CSE,Tier1,,88.4,70.7,1,1,2,222.0,0,0,6.7,40.5,1
ECE,Tier1,6.74,77.4,,2,3,1,3.0,0,0,5.9,54.3,1
Mechanical,Tier3,7.41,78.4,62.3,0,0,0,53.0,1,1,5.8,61.5,0
CSE,Tier2,6.65,79.7,74.3,0,1,4,185.0,2,0,,50.2,0
ECE,Tier2,7.7,90.0,78.5,0,2,2,87.0,5,1,7.2,55.9,1
EEE,Tier2,6.65,,94.2,0,2,3,9.0,2,0,6.5,35.9,0
CSE,Tier3,6.61,70.5,82.3,0,1,1,22.0,0,1,4.6,62.1,0
IT,Tier2,7.71,94.6,68.4,1,0,1,60.0,1,1,8.7,37.3,0
Mechanical,Tier2,7.16,77.4,62.6,0,0,2,66.0,1,1,6.4,50.6,0
EEE,Tier2,5.37,75.9,74.9,1,2,0,80.0,1,0,3.4,47.4,0
CSE,Tier2,5.84,54.5,85.1,0,2,0,18.0,3,0,7.7,,0
Mechanical,Tier2,6.15,85.7,74.8,0,0,1,48.0,2,0,4.8,58.4,1
IT,Tier1,6.42,80.9,82.4,1,1,1,192.0,1,0,5.3,60.8,1
Mechanical,Tier1,7.71,80.9,75.2,1,2,2,28.0,1,1,,49.9,0
IT,Tier2,7.52,76.4,84.2,0,1,0,127.0,2,0,7.6,80.5,1
ECE,Tier3,,74.8,61.0,2,0,4,13.0,5,1,5.9,69.9,0
IT,Tier1,8.05,76.7,93.0,1,1,2,153.0,0,1,7.1,51.0,1
CSE,Tier2,8.37,84.2,65.9,0,0,6,87.0,1,1,3.2,53.4,1
Mechanical,Tier3,7.91,85.8,84.9,0,0,3,32.0,3,1,4.0,63.7,0
CSE,Tier3,7.51,77.9,74.3,1,0,3,122.0,1,1,6.1,46.9,1
CSE,Tier3,8.4,88.5,75.8,2,1,1,15.0,4,1,4.7,41.7,1
IT,Tier2,8.22,79.3,,0,0,3,62.0,2,1,5.6,57.1,1
EEE,Tier2,7.68,75.5,79.6,0,1,4,77.0,1,0,7.3,26.1,1
Mechanical,Tier2,8.57,81.8,81.6,0,1,2,7.0,0,0,4.6,62.2,1
Civil,Tier1,4.95,67.8,87.6,0,1,5,8.0,2,0,4.7,47.4,1
IT,Tier2,7.01,82.1,,1,0,0,68.0,1,0,6.2,46.9,0
IT,Tier2,,66.1,80.3,0,1,0,98.0,1,1,2.2,63.8,0
CSE,Tier2,8.45,,94.1,2,2,3,117.0,0,0,7.8,67.5,1
ECE,Tier3,8.87,61.8,77.9,0,1,1,130.0,2,0,6.2,47.1,1
Civil,Tier2,5.85,78.4,87.8,3,1,2,48.0,2,0,6.2,44.8,0
EEE,Tier2,8.71,94.5,81.3,0,0,3,53.0,1,2,5.0,52.3,1
,Tier3,6.13,78.9,71.5,1,1,2,87.0,0,0,7.2,41.8,0
IT,Tier3,6.16,85.8,78.8,1,0,1,48.0,1,1,5.7,59.5,0
Civil,Tier2,7.07,99.0,82.0,0,1,3,54.0,0,0,8.2,57.8,1
ECE,Tier2,6.98,83.6,76.7,0,0,3,65.0,1,1,2.9,41.3,1
CSE,Tier2,5.74,73.1,81.1,1,1,2,147.0,3,2,6.1,46.4,1
IT,Tier1,7.95,74.4,85.7,1,0,3,117.0,1,2,6.1,45.7,0
CSE,Tier3,7.98,80.0,76.8,0,0,0,111.0,0,1,6.6,49.1,0
CSE,Tier1,8.35,74.3,47.6,0,2,2,38.0,0,0,8.5,75.2,1
CSE,Tier2,6.87,75.0,93.8,0,0,2,74.0,0,2,,79.9,1
ECE,Tier2,7.26,88.9,74.0,0,1,1,110.0,2,1,3.5,72.7,0
,Tier1,7.27,89.2,68.8,0,3,1,24.0,1,1,5.4,54.7,0
IT,Tier1,8.99,65.2,65.8,1,2,3,103.0,3,2,2.6,62.1,1
IT,Tier2,,72.6,73.6,4,0,6,98.0,3,0,10.0,49.7,0
Civil,Tier3,6.34,75.8,71.4,3,1,3,55.0,1,1,,47.9,0
EEE,Tier3,7.31,85.4,69.6,1,1,3,39.0,1,1,6.9,34.4,0
ECE,Tier2,6.21,90.3,,2,1,4,34.0,3,3,7.4,67.9,1
IT,Tier1,7.04,99.0,82.3,1,1,2,188.0,4,1,8.3,36.0,1
Mechanical,Tier3,7.17,75.8,97.3,0,1,3,48.0,2,0,4.9,65.4,0
CSE,Tier1,6.64,76.3,85.2,0,1,2,111.0,0,2,5.4,57.3,0
IT,Tier2,7.36,85.3,88.2,0,1,4,64.0,3,0,6.6,74.1,1
Civil,Tier3,7.93,73.9,73.2,0,0,2,30.0,1,1,5.1,,1
ECE,Tier2,7.06,78.7,78.0,0,0,0,50.0,2,0,4.3,43.3,0
EEE,Tier2,6.85,76.3,81.3,0,1,2,80.0,2,2,5.0,62.3,1
ECE,Tier1,7.13,56.4,70.4,0,1,1,100.0,1,0,6.7,46.3,1
EEE,Tier1,7.29,81.1,72.7,0,2,1,53.0,1,0,7.6,39.7,1
IT,Tier2,5.56,78.4,85.5,1,0,2,366.0,0,0,3.7,20.8,0
CSE,Tier3,7.76,91.4,87.9,1,2,0,81.0,0,1,5.7,52.3,0
IT,Tier2,6.85,80.0,77.7,1,0,3,81.0,2,0,5.9,29.0,0
CSE,Tier2,,68.7,65.0,0,1,1,229.0,0,0,3.5,75.0,1
Mechanical,Tier3,7.89,77.7,74.0,1,1,1,46.0,3,1,6.8,35.6,1
IT,Tier1,8.47,61.2,62.6,0,3,3,66.0,2,0,5.8,52.8,1
ECE,Tier1,6.29,69.1,77.8,2,3,2,40.0,0,2,4.3,42.4,0
Mechanical,Tier2,6.93,85.7,79.6,0,3,4,17.0,2,1,5.1,51.7,1
Mechanical,Tier3,6.06,77.8,74.3,1,1,1,36.0,0,1,7.0,34.9,1
,Tier2,6.59,88.3,79.4,0,0,1,38.0,2,0,7.8,61.6,0
ECE,Tier3,8.55,62.3,81.2,2,2,2,17.0,1,0,6.6,59.7,1
Civil,Tier3,8.79,77.8,79.6,0,1,0,49.0,1,0,9.4,58.7,1
EEE,Tier3,6.15,75.7,65.0,1,1,3,4.0,2,0,8.0,38.0,0
Mechanical,Tier3,6.84,88.6,74.5,1,4,4,15.0,2,0,7.0,55.8,1
Civil,Tier3,7.22,86.1,81.1,0,1,2,21.0,2,0,4.7,67.9,0
Mechanical,Tier3,,85.8,92.8,1,0,2,29.0,4,0,8.0,86.8,1
CSE,Tier3,5.54,93.9,74.3,2,1,0,154.0,1,0,4.6,31.4,0
ECE,Tier3,5.7,76.7,82.5,2,2,4,29.0,2,0,7.3,41.8,0
CSE,Tier3,7.79,92.0,85.8,0,1,2,268.0,3,1,1.6,31.1,0
EEE,Tier3,5.35,70.6,75.0,0,1,0,24.0,1,1,5.1,49.9,0
,Tier2,6.85,70.3,88.5,0,0,2,5.0,0,0,3.5,32.9,0
ECE,Tier3,7.46,86.8,89.0,0,0,1,16.0,0,0,5.5,,0
IT,Tier2,7.72,66.5,90.8,0,1,0,122.0,2,1,3.2,,0
CSE,Tier3,7.16,85.2,81.6,0,1,2,42.0,0,2,6.1,45.8,1
Civil,Tier2,6.93,80.9,99.0,0,0,2,23.0,2,0,6.8,38.5,0
CSE,Tier3,8.14,89.6,70.8,0,2,3,227.0,4,1,4.8,71.5,1
CSE,Tier3,7.59,79.5,98.2,1,0,1,276.0,0,1,5.4,61.5,1
CSE,Tier3,6.65,80.5,,0,0,5,27.0,0,0,6.4,34.7,0
CSE,Tier2,7.34,84.6,90.4,1,2,2,84.0,2,1,5.9,53.4,1
ECE,Tier3,7.68,74.0,73.8,0,2,4,48.0,0,1,8.4,43.2,0
ECE,Tier3,9.02,73.6,85.4,0,0,1,78.0,1,0,4.8,72.8,1
IT,Tier3,8.09,84.3,91.3,0,0,5,71.0,1,0,7.0,56.9,1
CSE,Tier3,8.51,79.7,66.1,1,2,1,119.0,1,1,6.5,75.9,0
CSE,Tier2,6.69,76.3,75.4,1,1,2,218.0,2,0,3.1,37.3,0
IT,Tier2,6.78,79.3,,0,0,3,103.0,0,0,6.2,51.6,0
,Tier1,7.06,94.4,,0,2,3,5.0,2,1,5.8,50.2,1
EEE,Tier3,7.16,76.0,68.8,0,1,1,33.0,0,2,5.1,53.8,1
CSE,Tier2,6.29,75.8,74.8,2,1,2,50.0,2,1,9.2,39.7,0
IT,Tier3,8.57,64.6,99.0,2,0,2,53.0,0,1,,30.8,0
IT,Tier3,8.18,79.6,94.2,1,0,4,57.0,1,1,,64.1,0
IT,Tier2,6.99,85.9,62.6,0,0,4,10.0,1,0,7.1,50.6,0
CSE,Tier2,7.94,87.5,82.6,0,0,1,263.0,1,0,7.3,44.7,1
CSE,Tier1,7.52,81.0,85.0,0,3,4,203.0,1,0,6.3,46.6,1
Mechanical,Tier3,8.02,88.6,73.6,0,0,1,116.0,3,0,4.0,41.1,0
CSE,Tier2,5.96,86.6,78.8,2,1,2,384.0,1,1,4.3,22.5,0
ECE,Tier1,7.15,90.0,79.8,1,0,4,46.0,2,0,7.0,63.2,1
ECE,Tier3,7.24,88.9,63.5,0,0,1,26.0,0,0,6.9,58.1,0
IT,Tier2,7.92,94.1,66.7,0,0,2,141.0,2,1,5.5,38.4,1
IT,Tier3,6.67,78.5,,0,0,1,145.0,0,1,8.4,78.7,1
Mechanical,Tier2,4.8,68.1,78.0,2,0,1,26.0,2,1,8.7,25.5,0
Mechanical,Tier2,6.22,86.0,69.9,0,1,0,25.0,3,0,8.7,54.7,1
CSE,Tier1,7.24,87.0,69.1,1,2,3,94.0,2,1,8.7,51.2,1
IT,Tier2,7.36,94.1,76.1,1,1,3,59.0,0,0,6.0,36.7,0
CSE,Tier2,8.98,91.5,85.9,0,0,5,146.0,3,1,3.6,64.1,1
ECE,Tier3,7.88,97.5,76.2,0,2,1,13.0,3,1,,52.2,1
EEE,Tier2,7.38,85.6,93.2,0,2,1,68.0,1,0,5.8,44.3,0
CSE,Tier2,7.27,82.1,70.0,0,1,4,244.0,2,0,4.9,67.2,0
IT,Tier2,8.4,67.5,78.9,0,2,0,279.0,3,0,5.3,64.5,1
Civil,Tier2,6.71,82.8,73.5,1,1,4,169.0,3,0,3.9,57.2,1
CSE,Tier3,7.16,75.0,82.9,0,3,4,148.0,1,0,7.3,48.2,1
ECE,Tier1,6.21,81.9,69.2,2,2,1,11.0,0,1,8.9,50.3,1
EEE,Tier3,8.72,80.5,96.3,0,0,4,44.0,1,0,10.0,58.3,1
CSE,Tier2,7.69,84.2,60.1,0,2,3,364.0,1,1,6.4,59.5,1
CSE,Tier1,6.59,79.1,94.2,0,2,2,273.0,1,2,5.7,36.3,1
CSE,Tier2,7.19,88.4,77.9,0,0,2,80.0,0,0,5.9,22.4,1
Civil,Tier1,7.81,55.5,82.5,1,2,2,5.0,0,4,8.5,70.3,1
CSE,Tier3,7.05,81.7,90.3,2,0,0,143.0,1,0,,50.1,0
CSE,Tier2,6.77,,85.6,0,0,4,26.0,0,1,5.6,55.7,0
CSE,Tier2,,,,0,1,3,140.0,2,0,8.2,40.0,0
CSE,Tier3,7.64,86.6,83.0,1,1,5,152.0,4,2,6.3,50.5,1
ECE,Tier3,6.94,95.2,95.7,0,3,0,106.0,3,0,4.7,68.0,1
CSE,Tier3,6.85,81.5,68.1,0,2,4,15.0,2,0,,53.6,0
ECE,Tier3,5.96,80.0,98.2,1,0,0,78.0,1,0,9.1,71.3,0
ECE,Tier3,7.38,84.8,80.9,1,0,1,38.0,3,2,7.3,62.6,0
Mechanical,Tier3,7.12,80.0,72.7,0,1,2,125.0,2,1,5.1,42.6,0
CSE,Tier3,6.98,73.0,68.1,0,4,2,186.0,0,1,7.7,55.2,0
Mechanical,Tier2,7.5,75.4,,0,0,1,47.0,3,1,7.3,72.7,0
ECE,Tier3,8.05,70.0,57.4,0,0,1,19.0,1,1,5.4,57.9,1
CSE,Tier1,8.0,84.8,72.8,0,3,0,102.0,1,3,,62.8,1
Mechanical,Tier3,7.85,80.1,74.4,1,0,3,92.0,2,0,,71.2,0
Mechanical,Tier3,7.06,76.8,66.3,0,3,1,41.0,3,0,3.0,22.2,0
CSE,Tier1,6.73,74.9,84.5,0,3,5,100.0,2,1,4.8,57.1,1
Civil,Tier3,6.26,84.5,74.8,0,1,4,42.0,2,0,5.7,62.4,1
ECE,Tier3,6.71,87.0,70.6,0,1,2,26.0,0,0,8.3,39.3,1
ECE,Tier2,7.32,69.8,73.7,1,1,2,18.0,0,1,7.5,,1
,Tier2,6.51,68.4,80.6,1,2,4,20.0,0,0,6.4,47.5,0
IT,Tier3,7.4,88.6,77.7,0,0,0,112.0,2,2,2.6,31.7,0
Mechanical,Tier3,6.33,67.6,70.0,1,1,2,81.0,1,1,6.5,56.2,0
IT,Tier1,5.64,84.9,78.3,0,2,4,124.0,1,0,3.0,43.1,1
Mechanical,Tier2,8.12,94.6,76.5,0,1,1,93.0,1,1,7.6,54.7,1
ECE,Tier3,,94.6,65.6,1,3,4,111.0,0,2,7.6,56.9,0
CSE,Tier2,6.46,86.6,74.1,2,0,3,379.0,2,0,6.1,35.9,1
IT,Tier2,6.21,86.4,82.8,2,1,6,357.0,1,0,7.5,55.3,1
IT,Tier1,7.72,99.0,82.7,1,2,2,29.0,5,3,7.8,42.7,1
CSE,Tier1,8.67,59.0,74.7,1,3,1,160.0,1,1,6.2,76.5,1
CSE,Tier2,6.9,75.8,83.8,0,0,3,75.0,3,0,5.7,63.2,1
IT,Tier3,7.08,87.6,67.2,1,0,1,52.0,2,0,3.6,68.9,1
CSE,Tier3,8.37,77.0,67.5,1,2,1,89.0,0,0,5.4,62.4,0
,Tier3,5.49,91.2,74.5,1,2,3,297.0,1,0,4.2,37.4,0
EEE,Tier2,9.27,79.6,,2,0,2,92.0,0,0,4.2,52.7,0
EEE,Tier2,9.74,81.2,78.6,1,1,1,45.0,5,0,4.7,54.4,1
EEE,Tier1,4.59,77.5,74.2,1,2,2,72.0,3,1,2.5,35.9,0
IT,Tier2,7.2,75.3,92.4,0,3,5,145.0,0,0,7.8,42.8,1
Mechanical,Tier2,6.58,75.1,74.1,0,3,2,36.0,1,1,6.4,51.8,1
ECE,Tier1,7.04,82.4,99.0,0,4,2,24.0,0,0,8.1,40.5,1
CSE,Tier1,6.88,73.0,71.9,0,2,1,102.0,1,1,7.4,41.9,1
CSE,Tier1,8.11,88.6,66.9,0,1,1,188.0,0,0,6.9,51.0,1
EEE,Tier3,7.19,85.9,75.3,0,0,1,128.0,1,0,7.4,41.6,1
,Tier3,6.39,89.9,74.5,2,0,3,162.0,3,0,6.3,42.8,0
ECE,Tier3,7.13,69.8,68.9,1,0,1,28.0,1,0,8.3,57.6,0
Civil,Tier3,7.81,64.7,99.0,0,1,0,18.0,2,2,5.1,43.5,0
CSE,Tier2,6.12,80.0,80.2,3,0,2,141.0,1,0,6.0,31.1,0
CSE,Tier1,5.65,99.0,81.6,0,0,3,16.0,2,0,5.5,41.1,1
Civil,Tier2,9.29,91.4,72.4,0,0,3,210.0,1,2,9.6,47.8,1
ECE,Tier1,6.66,75.0,71.2,0,0,3,64.0,0,1,4.9,64.3,0
CSE,Tier2,7.16,83.8,87.3,0,2,4,263.0,1,1,8.3,42.4,1
Mechanical,Tier2,6.9,86.5,60.2,0,1,1,88.0,2,1,3.5,50.1,1
,Tier2,7.85,67.7,65.6,0,2,1,63.0,1,2,6.2,,1
ECE,Tier2,9.07,92.3,74.5,1,0,4,60.0,0,0,5.7,45.2,0
ECE,Tier3,7.88,78.5,90.5,0,1,0,78.0,5,1,4.2,,1
CSE,Tier3,5.78,79.2,73.3,2,0,1,83.0,0,2,4.8,36.3,0
CSE,Tier3,5.92,80.2,81.2,2,1,3,114.0,2,1,6.9,54.0,1
,Tier3,6.9,90.3,77.3,1,0,1,81.0,0,0,5.4,71.5,0
IT,Tier2,7.03,73.2,90.0,0,1,3,29.0,1,0,4.3,72.4,1
EEE,Tier1,5.58,64.6,61.2,1,2,2,44.0,0,0,7.6,58.2,0
Mechanical,Tier3,8.12,82.9,84.4,0,1,1,40.0,2,0,6.0,40.7,1
CSE,Tier2,6.21,61.6,75.0,0,2,1,15.0,1,1,6.6,35.6,0
ECE,Tier2,8.79,77.3,86.2,0,0,3,68.0,2,3,8.0,75.6,1
CSE,Tier2,9.12,,68.8,0,1,5,131.0,2,0,8.8,,1
Mechanical,Tier3,7.05,85.2,77.2,0,1,0,44.0,3,0,1.9,59.8,1
CSE,Tier3,7.74,89.4,76.0,1,1,1,231.0,1,1,5.8,,0
ECE,Tier2,6.07,85.6,67.0,1,1,1,82.0,1,0,3.0,40.2,0
ECE,Tier3,7.92,99.0,64.2,0,0,2,87.0,4,2,10.0,,1
IT,Tier2,6.8,74.7,71.2,1,2,3,102.0,0,3,6.3,40.2,0
EEE,Tier2,6.21,83.6,78.3,0,0,2,32.0,2,0,7.8,26.7,0
EEE,Tier2,7.01,76.1,69.4,1,0,2,52.0,0,2,4.9,59.7,0
ECE,Tier2,6.83,88.6,73.7,0,1,0,63.0,2,1,5.4,42.2,0
EEE,Tier3,6.97,79.4,58.1,2,2,2,74.0,3,2,8.0,34.3,0
Civil,Tier1,8.25,,73.3,0,1,4,21.0,0,0,6.9,66.8,1
IT,Tier3,6.51,75.2,87.2,0,1,2,149.0,1,0,,25.6,1
ECE,Tier2,9.04,92.7,84.1,0,0,2,100.0,1,0,4.5,65.6,1
CSE,Tier3,5.97,85.3,76.1,1,1,2,59.0,1,0,5.6,39.5,0
Mechanical,Tier3,8.92,79.7,79.4,0,2,5,5.0,1,1,6.9,78.8,1
ECE,Tier3,6.28,84.9,68.7,3,0,4,2.0,2,1,7.2,51.9,0
IT,Tier3,,82.4,93.2,0,1,2,80.0,2,0,,64.4,1
CSE,Tier3,6.81,83.2,97.7,0,0,3,44.0,2,0,3.6,36.0,0
Mechanical,Tier2,6.96,,78.6,0,2,3,66.0,3,0,4.3,29.5,1
IT,Tier3,8.1,73.7,99.0,0,1,2,145.0,1,0,6.6,51.2,1
EEE,Tier3,8.8,77.0,70.2,1,0,3,7.0,1,1,3.2,66.3,1
CSE,Tier2,8.49,64.9,64.5,0,0,3,242.0,3,1,4.4,58.3,0
Civil,Tier2,6.9,87.6,69.9,0,1,4,25.0,0,0,6.1,63.3,1
CSE,Tier2,7.48,68.9,74.8,1,1,2,49.0,2,1,4.6,59.0,0
CSE,Tier2,6.52,78.0,99.0,0,0,1,139.0,2,0,6.4,35.0,0
Mechanical,Tier2,6.31,85.8,74.2,2,1,2,30.0,2,0,5.8,52.1,0
Civil,Tier2,6.15,87.6,68.4,3,0,2,52.0,2,1,4.6,47.8,0
CSE,Tier3,6.86,64.0,68.0,1,1,3,98.0,0,0,4.6,64.6,0
ECE,Tier2,7.55,79.2,88.4,0,0,2,105.0,0,2,8.3,41.6,1
EEE,Tier3,5.39,84.1,87.0,0,2,3,53.0,0,0,6.7,34.0,0
Mechanical,Tier2,7.25,80.5,72.1,0,0,3,36.0,2,1,6.4,56.0,1
IT,Tier3,,92.1,58.2,0,2,1,108.0,1,0,6.1,76.0,1
ECE,Tier1,8.42,72.6,65.7,1,0,1,90.0,1,2,4.4,54.7,1
EEE,Tier2,6.71,61.6,94.2,0,0,2,21.0,1,0,5.0,55.7,1
EEE,Tier1,5.9,87.3,83.9,2,2,2,68.0,2,0,1.7,44.9,0
,Tier3,7.76,75.2,77.7,0,0,5,45.0,1,1,4.9,53.3,1
ECE,Tier2,4.98,64.2,95.7,5,0,1,46.0,0,0,4.9,53.7,0
CSE,Tier3,8.41,,96.6,0,2,2,44.0,2,0,7.0,58.4,1
Civil,Tier2,7.09,91.1,76.6,0,1,2,32.0,4,0,4.9,45.1,1
Mechanical,Tier2,9.13,68.6,76.8,0,1,2,27.0,4,0,7.4,54.6,1
Mechanical,Tier2,5.57,99.0,71.2,1,0,3,45.0,1,1,5.5,,0
CSE,Tier3,8.22,72.5,74.2,1,1,0,31.0,2,0,6.3,47.8,1
CSE,Tier2,7.2,80.8,62.1,0,0,1,12.0,1,0,5.9,48.1,0
EEE,Tier2,6.97,69.0,62.1,0,1,7,30.0,0,0,7.3,50.6,1
CSE,Tier2,5.93,80.4,59.8,0,1,3,228.0,3,1,8.2,48.1,1
Civil,Tier1,7.9,78.8,87.8,0,0,1,64.0,0,1,4.2,42.7,1
IT,Tier1,7.98,66.6,61.4,0,1,1,104.0,1,1,9.2,49.8,1
EEE,Tier3,9.09,99.0,96.5,0,0,5,19.0,0,0,4.5,,1
Mechanical,Tier2,8.31,75.5,69.7,1,0,3,2.0,0,1,5.7,47.4,0
IT,Tier1,6.71,75.5,94.4,0,3,0,63.0,1,0,5.0,41.6,1
IT,Tier3,,88.7,73.3,2,2,2,93.0,2,0,8.7,57.3,1
ECE,Tier1,5.93,96.3,61.3,0,0,2,15.0,3,1,4.1,61.0,0
ECE,Tier2,8.77,90.1,89.8,0,0,3,60.0,1,1,7.3,55.1,1
IT,Tier3,6.52,69.2,91.0,0,1,0,148.0,4,0,2.0,39.1,1
ECE,Tier3,8.78,81.9,67.9,1,0,4,29.0,1,1,7.5,57.9,1
Civil,Tier3,7.83,63.1,73.7,1,1,1,39.0,1,1,5.7,55.1,0
ECE,Tier2,7.63,88.1,67.9,1,0,3,38.0,2,1,5.3,61.5,1
CSE,Tier3,6.99,65.3,75.8,0,0,3,141.0,0,2,4.8,45.2,1
IT,Tier1,7.96,,78.1,0,0,2,51.0,1,1,5.9,48.3,0
IT,Tier3,7.28,80.0,73.5,0,0,3,499.0,0,1,5.4,80.8,1
CSE,Tier3,6.93,84.0,58.8,0,2,2,30.0,1,0,3.3,34.1,0
CSE,Tier3,8.0,77.7,71.2,0,0,2,52.0,1,0,4.6,65.8,1
,Tier2,7.16,93.7,84.0,0,1,2,50.0,2,0,,68.7,1
,Tier1,6.5,86.5,74.9,0,3,1,324.0,1,0,5.3,,1
Civil,Tier3,7.9,85.8,73.7,0,4,3,27.0,1,0,4.6,59.8,1
,Tier2,7.24,68.9,67.7,0,0,1,45.0,0,1,6.1,31.1,1
CSE,Tier2,7.79,95.3,70.9,0,1,2,86.0,2,0,6.9,54.2,1
EEE,Tier3,6.85,72.8,91.1,0,1,3,70.0,1,1,7.2,63.1,0
Mechanical,Tier3,6.09,95.6,65.6,0,1,1,72.0,1,1,6.6,46.9,0
CSE,Tier2,9.04,98.2,84.2,0,0,0,159.0,1,2,8.2,60.6,1
CSE,Tier2,,84.6,77.5,0,1,2,348.0,0,0,6.1,80.0,1
CSE,Tier1,8.18,89.3,79.4,0,0,3,181.0,4,0,5.6,65.7,1
ECE,Tier1,6.91,52.3,69.7,2,3,2,83.0,0,0,7.6,58.1,0
ECE,Tier1,7.0,78.2,73.5,0,1,4,89.0,1,0,4.7,,1
CSE,Tier3,,89.9,76.9,0,1,4,41.0,1,1,5.3,29.1,1
CSE,Tier3,6.95,88.3,71.8,0,3,2,94.0,0,0,3.1,,1
ECE,Tier2,6.67,69.0,80.3,0,0,0,21.0,0,1,9.3,48.4,0
,Tier2,9.17,77.4,81.6,0,1,1,23.0,1,0,,70.0,1
EEE,Tier3,7.25,57.2,98.7,0,0,4,32.0,4,0,5.7,52.8,0
ECE,Tier3,9.07,83.7,79.8,0,0,2,55.0,1,0,7.4,60.9,1
CSE,Tier3,5.9,63.1,57.9,1,1,1,313.0,2,0,7.3,44.9,0
CSE,Tier2,7.82,90.2,88.6,2,1,2,169.0,1,0,6.3,40.8,1
,Tier3,9.37,90.6,75.0,1,0,2,148.0,4,0,8.2,39.7,1
EEE,Tier2,7.33,75.7,97.1,0,1,1,32.0,1,3,3.7,41.0,0
,Tier2,,84.7,91.7,0,0,2,134.0,4,1,5.7,36.9,0
Civil,Tier3,6.13,78.0,71.9,2,3,5,11.0,0,0,2.2,45.1,0
Civil,Tier2,8.38,82.2,84.2,0,2,2,74.0,1,0,4.2,37.3,1
Civil,Tier2,6.53,69.7,71.1,0,0,2,5.0,1,0,3.1,41.9,0
Civil,Tier2,7.21,85.6,77.0,0,2,2,48.0,2,0,2.7,74.2,1
CSE,Tier2,6.07,65.2,83.8,2,0,1,223.0,0,2,5.1,44.4,0
CSE,Tier2,8.86,63.5,88.1,0,0,2,109.0,0,1,6.7,59.9,1
IT,Tier3,8.45,78.9,86.0,0,1,1,266.0,2,0,4.8,57.5,1
ECE,Tier2,7.27,78.1,77.7,0,1,0,19.0,2,0,5.0,53.9,0
CSE,Tier2,6.15,82.5,99.0,2,1,1,5.0,1,0,4.7,39.4,0
Mechanical,Tier3,8.84,74.2,73.3,2,2,2,12.0,1,0,6.3,57.2,1
ECE,Tier2,6.93,97.0,60.9,0,1,6,33.0,0,0,4.9,43.2,0
ECE,Tier3,6.19,81.4,62.9,3,2,4,55.0,2,0,4.2,28.1,0
CSE,Tier2,5.54,82.1,91.7,2,0,2,62.0,2,3,7.7,56.8,0
CSE,Tier2,6.65,81.8,76.2,0,3,1,119.0,2,0,4.4,37.7,1
CSE,Tier2,5.85,89.0,78.6,1,1,2,160.0,2,1,3.7,63.4,0
Mechanical,Tier3,6.68,85.2,71.6,0,0,3,20.0,1,0,7.3,39.2,0
ECE,Tier1,8.04,84.0,72.5,2,2,0,20.0,0,2,,38.9,0
,Tier3,6.92,86.6,69.1,0,1,1,10.0,3,1,8.2,,1
,Tier2,7.66,63.6,81.7,0,0,5,266.0,1,0,4.2,35.5,1
IT,Tier2,6.58,63.9,76.0,0,0,1,270.0,2,0,6.1,20.7,0
IT,Tier2,7.37,79.3,,1,3,2,118.0,0,1,4.2,34.5,1
EEE,Tier1,9.22,78.2,80.4,0,1,2,13.0,1,1,6.0,59.5,1
Mechanical,Tier2,6.95,85.2,72.7,1,0,2,121.0,0,0,5.1,33.7,0
CSE,Tier2,7.68,80.2,62.4,0,0,5,51.0,3,1,4.2,46.7,1
Civil,Tier2,5.73,85.2,61.5,0,0,0,10.0,2,2,3.1,19.3,0
CSE,Tier3,8.82,68.8,99.0,1,1,0,50.0,1,1,5.0,72.2,1
Mechanical,Tier2,6.82,79.9,91.8,0,0,4,18.0,3,0,6.9,54.2,1
CSE,Tier1,8.35,67.9,90.4,0,2,4,35.0,2,2,7.2,41.6,1
CSE,Tier1,7.18,83.5,70.3,0,3,2,61.0,2,1,4.7,23.1,0
Mechanical,Tier1,7.91,63.1,77.1,0,3,3,45.0,3,1,4.7,43.7,1
CSE,Tier1,7.97,83.1,68.8,0,3,0,183.0,1,0,5.7,62.7,1
IT,Tier3,6.85,66.8,63.9,0,0,3,87.0,0,0,6.0,62.2,0
IT,Tier1,8.39,76.5,71.1,0,2,0,88.0,0,0,6.0,54.1,1
CSE,Tier3,6.54,88.1,90.3,0,0,2,85.0,1,1,5.2,41.7,0
EEE,Tier2,8.08,82.0,85.4,0,1,1,10.0,0,0,,48.4,1
Mechanical,Tier1,6.91,65.2,67.3,0,1,3,72.0,2,1,5.5,53.2,1
Mechanical,Tier3,7.65,73.9,73.9,0,0,4,90.0,3,0,1.7,63.8,0
IT,Tier2,6.84,66.5,84.5,0,1,2,293.0,3,0,5.3,47.5,1
ECE,Tier2,7.35,64.7,71.3,0,1,0,31.0,0,0,7.4,47.3,0
CSE,Tier3,6.23,81.1,77.8,1,0,0,281.0,2,0,8.5,55.5,1
CSE,Tier3,7.55,85.0,81.0,0,1,1,196.0,1,2,8.1,70.7,1
CSE,Tier3,7.34,84.0,80.9,0,2,0,37.0,4,0,6.2,48.3,0
Civil,Tier1,6.76,85.4,79.5,0,1,1,21.0,4,1,3.9,49.8,1
Mechanical,Tier2,7.24,79.9,70.5,0,1,3,45.0,0,0,5.0,42.2,1
Mechanical,Tier3,7.43,77.5,71.5,0,1,2,35.0,0,3,4.6,,1
ECE,Tier3,6.68,70.3,65.7,0,1,2,12.0,1,0,3.5,37.3,0
ECE,Tier1,7.17,76.0,61.4,0,1,2,45.0,3,1,4.3,67.9,1
ECE,Tier2,6.29,68.1,75.9,1,0,0,46.0,1,1,4.7,57.1,0
ECE,Tier2,9.65,72.4,85.2,1,0,5,78.0,2,1,3.5,84.1,1
IT,Tier1,8.36,80.8,63.2,1,0,2,66.0,1,0,7.7,50.1,1
CSE,Tier3,7.57,78.9,79.7,1,1,1,53.0,0,2,7.1,77.7,1
CSE,Tier2,8.47,99.0,,0,0,0,24.0,0,2,5.9,60.3,1
Civil,Tier2,5.32,67.9,58.6,2,2,2,52.0,2,0,6.7,40.0,0
ECE,Tier1,4.74,78.9,74.3,4,2,0,47.0,2,1,6.6,53.8,0
Civil,Tier2,6.9,67.2,,1,3,4,128.0,3,2,4.7,37.3,1
CSE,Tier1,5.92,76.5,82.5,3,5,1,185.0,1,2,9.2,45.0,0
ECE,Tier2,7.06,76.9,58.3,0,0,1,27.0,1,2,4.6,48.4,1
CSE,Tier1,7.51,87.6,83.6,0,1,2,107.0,1,0,3.0,57.5,1
CSE,Tier3,8.22,76.0,69.5,1,2,2,30.0,0,0,6.3,50.8,0
CSE,Tier1,6.16,78.3,83.9,1,1,4,76.0,0,0,7.0,39.3,1
CSE,Tier2,7.7,,,0,2,5,122.0,2,0,5.5,48.9,1
Civil,Tier1,7.31,67.4,76.5,0,4,1,132.0,3,1,8.2,48.1,1
IT,Tier1,7.65,74.1,71.6,0,1,2,44.0,0,1,6.3,54.2,1
ECE,Tier2,6.78,76.6,77.0,0,0,1,104.0,3,3,4.5,64.4,1
ECE,Tier1,8.68,80.7,71.3,0,2,3,51.0,3,0,4.9,32.5,1
IT,Tier1,7.2,85.0,74.8,0,3,3,182.0,0,3,6.3,60.2,1
ECE,Tier2,9.07,77.9,65.2,0,1,0,42.0,1,0,6.1,54.7,1
CSE,Tier3,6.51,77.7,,0,2,3,57.0,2,0,8.2,45.4,0
Civil,Tier1,8.04,64.5,78.8,2,3,1,100.0,0,0,7.5,42.2,1
Mechanical,Tier2,7.24,84.9,60.8,0,2,1,29.0,3,0,3.2,51.8,1
EEE,Tier2,6.97,73.7,86.9,0,0,5,70.0,0,0,5.7,45.2,0
ECE,Tier2,7.93,86.7,75.2,2,2,2,13.0,3,1,3.8,,1
CSE,Tier2,7.0,91.8,78.6,0,1,5,42.0,0,0,8.6,57.0,0
Civil,Tier1,4.64,78.3,84.6,1,2,4,6.0,1,1,4.2,45.8,0
IT,Tier2,,,,3,2,2,95.0,2,0,6.4,54.5,0
CSE,Tier2,8.57,79.8,88.7,0,3,4,128.0,2,1,4.7,50.8,0
IT,Tier3,8.53,83.1,74.1,1,0,3,107.0,0,0,2.4,65.8,1
Mechanical,Tier3,9.19,77.2,87.3,0,2,2,9.0,2,1,3.7,68.5,1
ECE,Tier3,7.28,74.9,78.2,0,1,3,17.0,0,0,5.6,52.5,1
,Tier2,6.01,85.1,82.1,0,1,2,72.0,1,2,,65.3,1
Mechanical,Tier1,6.88,84.5,81.0,0,0,4,26.0,0,0,7.0,41.7,0
CSE,Tier2,7.31,76.9,89.4,1,1,3,111.0,5,1,3.6,53.4,1
Civil,Tier2,6.29,,84.2,0,1,3,25.0,1,1,6.6,50.1,1
IT,Tier1,8.95,84.1,72.6,0,0,0,165.0,3,1,7.7,45.4,1
ECE,Tier1,9.54,73.1,70.6,0,0,4,25.0,0,1,6.9,77.9,1
CSE,Tier2,7.78,81.9,76.5,0,1,0,89.0,0,2,5.3,52.6,1
Civil,Tier2,7.29,81.4,69.4,0,0,2,86.0,2,0,6.1,56.7,1
IT,Tier1,6.01,63.0,66.5,1,2,0,108.0,2,1,6.3,64.0,1
CSE,Tier3,8.85,80.7,55.7,0,2,1,47.0,0,1,8.5,61.8,1
ECE,Tier2,7.38,84.6,61.5,0,0,2,59.0,0,0,9.1,52.4,0
CSE,Tier3,7.01,85.7,96.9,0,0,5,24.0,2,0,7.2,50.9,1
CSE,Tier2,7.78,81.1,70.4,0,0,2,45.0,1,0,,,1
,Tier2,6.71,62.2,96.0,0,1,3,10.0,1,1,5.9,44.0,0
,Tier1,7.45,91.5,81.0,0,2,1,168.0,1,2,6.1,50.4,1
Civil,Tier2,5.86,83.7,76.5,2,0,2,55.0,1,0,6.4,45.5,0
IT,Tier1,8.39,69.2,62.0,0,0,1,155.0,3,2,5.1,73.5,1
EEE,Tier1,7.2,,77.0,0,1,3,49.0,2,0,9.5,62.1,1
ECE,Tier3,8.46,82.1,95.9,0,0,1,99.0,0,1,4.6,50.2,1
EEE,Tier2,7.1,86.1,92.6,0,0,2,48.0,2,0,8.3,50.2,0
ECE,Tier1,7.16,75.6,79.7,0,2,3,26.0,0,1,2.0,67.6,1
ECE,Tier3,6.09,87.4,65.5,0,0,1,20.0,0,0,5.5,24.8,0
Civil,Tier1,8.06,63.9,67.4,1,1,3,48.0,1,0,5.4,52.6,1
IT,Tier2,6.42,70.6,68.5,0,2,1,233.0,0,1,6.4,31.4,1
CSE,Tier2,6.81,61.4,89.8,0,0,2,32.0,0,0,5.3,78.4,1
EEE,Tier2,7.3,71.9,93.3,0,1,1,61.0,2,1,8.5,60.8,1
Mechanical,Tier2,7.42,93.6,,2,0,3,35.0,1,0,5.6,46.2,0
CSE,Tier1,5.59,98.5,74.0,4,1,5,209.0,0,0,4.1,42.5,1
IT,Tier3,7.07,82.1,92.5,1,0,2,20.0,1,2,4.3,40.5,0
Mechanical,Tier2,8.1,74.3,67.2,0,1,3,128.0,4,0,5.1,79.4,1
EEE,Tier1,6.92,78.0,77.5,1,1,4,35.0,4,0,7.3,22.1,0
Civil,Tier2,7.08,84.3,81.6,1,1,2,6.0,1,1,7.6,54.3,0
ECE,Tier3,7.46,65.9,68.4,0,1,4,12.0,2,2,3.8,51.5,1
EEE,Tier3,7.17,74.8,70.6,0,0,3,141.0,1,0,4.6,38.5,1
IT,Tier3,6.27,92.9,69.9,0,1,4,152.0,2,0,,43.3,0
,Tier3,7.26,70.6,91.2,1,1,2,32.0,0,1,5.5,31.9,0
IT,Tier3,8.29,73.3,96.1,0,0,0,406.0,0,2,7.7,75.3,1
EEE,Tier2,6.25,80.1,78.1,1,0,6,47.0,1,0,6.3,46.6,1
IT,Tier3,6.93,82.5,74.3,1,0,0,200.0,3,1,7.0,60.6,0
ECE,Tier2,5.92,74.4,71.0,2,0,1,17.0,1,1,7.3,38.8,0
EEE,Tier2,8.24,80.7,77.0,0,0,4,31.0,4,0,4.9,72.3,1
ECE,Tier3,7.21,85.5,71.5,1,0,1,46.0,2,0,3.7,51.5,0
Civil,Tier2,6.45,97.7,76.0,1,2,2,28.0,2,0,4.9,60.1,0
IT,Tier1,7.39,78.9,81.1,0,0,3,245.0,1,0,,58.8,1
ECE,Tier2,6.1,79.6,72.9,1,0,1,59.0,0,0,7.1,45.1,0
IT,Tier2,6.27,93.7,75.1,1,0,2,31.0,4,0,6.1,58.3,1
IT,Tier3,,75.1,75.1,0,1,1,84.0,3,0,7.7,94.4,1
IT,Tier2,6.23,,73.8,2,2,2,50.0,1,0,6.3,32.6,0
,Tier3,8.66,82.3,72.6,0,0,0,151.0,0,0,5.4,56.8,1
CSE,Tier2,6.57,89.7,84.6,0,0,5,69.0,1,1,3.2,32.3,1
EEE,Tier3,7.77,83.2,59.3,1,0,5,6.0,2,2,8.3,58.8,1
,Tier1,6.46,,92.7,1,1,3,53.0,4,1,5.8,50.0,0
EEE,Tier3,8.06,67.0,78.4,0,0,2,26.0,0,1,5.2,78.6,0
CSE,Tier2,6.27,79.5,83.1,3,0,2,270.0,2,0,5.8,43.3,1
IT,Tier2,7.34,91.1,84.3,0,1,0,36.0,2,0,8.7,63.1,1
CSE,Tier2,,68.9,,1,1,2,53.0,1,1,7.8,26.8,0
Mechanical,Tier2,9.63,77.8,67.9,0,0,2,32.0,1,0,5.4,65.0,0
Mechanical,Tier2,7.93,76.5,66.7,0,1,1,56.0,1,0,6.8,44.2,1
CSE,Tier3,6.71,73.7,74.5,0,0,4,213.0,1,0,8.2,55.6,1
EEE,Tier3,7.99,82.2,84.0,0,1,5,31.0,0,0,,68.7,1
CSE,Tier3,9.44,84.0,71.2,1,0,1,119.0,2,0,6.2,55.0,1
CSE,Tier2,5.67,83.9,,3,0,2,22.0,2,2,2.2,49.8,0
CSE,Tier2,6.46,71.2,53.3,1,1,1,54.0,0,1,8.2,43.0,1
IT,Tier3,7.06,65.2,73.1,0,2,1,71.0,1,0,4.1,50.9,1
EEE,Tier3,6.88,82.4,88.7,0,1,0,32.0,5,1,2.6,54.4,0
Civil,Tier2,6.97,75.4,75.3,0,1,1,66.0,1,1,2.8,,1
CSE,Tier3,6.0,96.5,68.7,0,0,3,366.0,2,0,4.5,33.0,1
ECE,Tier2,8.7,97.0,70.4,0,0,2,23.0,0,0,6.9,68.9,1
EEE,Tier3,5.88,97.9,46.7,1,1,3,60.0,3,0,8.1,36.3,0
Civil,Tier3,7.1,,66.9,0,0,2,98.0,4,2,6.6,65.9,1
ECE,Tier3,8.35,85.1,87.6,0,1,0,94.0,1,3,9.1,35.4,1
CSE,Tier1,7.27,87.8,71.2,1,0,5,44.0,1,1,5.3,62.6,1
ECE,Tier2,6.32,86.8,72.4,1,0,5,90.0,2,1,5.6,46.7,1
IT,Tier1,5.95,76.8,53.7,1,3,2,32.0,0,0,2.6,43.6,1
,Tier3,7.07,91.5,60.7,0,0,1,13.0,1,0,5.0,52.1,0
IT,Tier2,6.54,80.0,,0,0,2,106.0,0,2,2.3,30.4,1
EEE,Tier3,7.51,81.2,83.2,1,1,2,28.0,1,0,3.6,66.0,1
CSE,Tier3,5.9,66.2,64.0,3,1,4,285.0,1,2,7.1,39.3,1
IT,Tier1,8.11,85.8,70.7,0,2,2,15.0,2,2,3.0,45.6,1
Mechanical,Tier2,7.42,77.7,76.7,0,1,1,43.0,1,0,3.1,78.1,1
ECE,Tier3,7.49,84.2,,1,1,1,81.0,1,0,2.8,48.3,0
IT,Tier2,8.74,82.1,57.0,0,1,4,14.0,0,3,7.4,48.3,1
Civil,Tier1,6.86,81.6,75.4,0,1,0,30.0,4,0,9.0,59.1,0
Mechanical,Tier1,6.57,,,1,0,1,80.0,0,0,5.9,51.0,0
IT,Tier2,6.75,87.1,82.9,0,1,0,99.0,3,1,7.7,60.9,1
ECE,Tier3,7.11,78.2,85.8,0,0,2,40.0,3,2,3.9,,0
ECE,Tier2,7.21,66.9,61.5,0,0,1,86.0,2,0,8.2,62.5,0
ECE,Tier1,6.47,85.1,77.6,3,3,1,57.0,2,1,4.7,,0
IT,Tier2,5.28,72.7,74.3,1,1,1,54.0,3,0,7.2,32.3,0
CSE,Tier2,6.74,68.1,76.1,0,1,1,320.0,3,1,6.0,43.2,1
Civil,Tier2,7.66,70.8,74.9,0,3,3,35.0,0,0,2.5,,1
Civil,Tier3,,82.5,,0,0,3,12.0,0,1,4.4,56.7,1
Mechanical,Tier2,8.5,,46.8,0,0,4,41.0,2,0,6.3,59.0,1
Civil,Tier2,9.26,,88.6,1,0,1,38.0,1,1,2.7,76.4,1
EEE,Tier3,8.06,76.5,80.3,0,0,4,56.0,0,0,6.5,55.0,1
EEE,Tier2,8.68,90.5,,2,1,0,63.0,2,2,3.5,57.4,0
EEE,Tier3,8.07,75.9,81.7,0,2,1,9.0,1,1,7.0,57.7,1
ECE,Tier1,9.01,78.5,72.5,0,1,1,33.0,5,2,3.6,57.2,1
ECE,Tier1,9.15,89.4,72.8,1,0,2,57.0,4,0,6.8,65.2,1
CSE,Tier1,8.25,87.2,69.3,0,3,3,100.0,4,0,,59.0,1
ECE,Tier3,8.01,89.2,,0,3,1,26.0,1,0,5.7,61.5,1
IT,Tier3,7.09,55.0,69.0,0,1,1,177.0,2,1,5.9,47.7,0
CSE,Tier1,7.26,95.6,66.0,0,2,3,176.0,1,0,8.7,57.9,1
ECE,Tier2,6.96,85.7,88.3,1,1,6,0.0,1,0,4.6,57.2,0
IT,Tier2,7.92,,75.2,1,0,2,119.0,3,0,5.0,50.7,1
CSE,Tier2,6.58,73.0,75.5,1,0,1,138.0,3,0,7.2,46.9,1
Mechanical,Tier3,7.11,64.1,83.9,0,3,1,33.0,1,2,6.8,48.4,0
Mechanical,Tier3,4.94,80.1,70.3,5,0,3,45.0,1,2,5.6,25.0,0
CSE,Tier3,9.02,77.5,72.3,0,2,1,87.0,2,1,3.8,54.3,0
CSE,Tier2,7.08,85.9,80.1,1,2,3,135.0,1,0,7.8,59.5,1
IT,Tier3,7.76,89.7,61.6,2,1,4,67.0,1,1,3.8,63.9,0
Mechanical,Tier2,8.76,79.2,79.2,0,2,2,28.0,4,1,10.0,62.9,1
Mechanical,Tier2,7.6,77.8,69.4,0,1,1,35.0,2,0,3.8,40.8,0
CSE,Tier3,8.74,84.7,85.6,0,0,8,137.0,1,0,4.0,,1
Mechanical,Tier1,6.06,77.7,82.5,1,4,1,60.0,3,0,6.6,67.5,1
CSE,Tier3,9.7,76.9,81.1,1,0,6,259.0,2,0,7.0,70.6,1
IT,Tier3,8.39,89.3,60.9,0,1,1,34.0,3,0,4.2,56.9,1
Civil,Tier3,7.51,91.3,76.0,1,1,2,4.0,0,0,9.0,42.2,0
CSE,Tier2,8.73,89.8,65.2,0,2,4,176.0,2,0,6.6,58.5,1
CSE,Tier2,6.13,78.5,76.6,1,2,2,105.0,0,0,5.6,39.7,0
IT,Tier3,7.01,60.7,,0,1,3,14.0,0,1,6.7,47.7,1
ECE,Tier3,8.74,78.7,61.6,0,0,4,35.0,1,1,8.2,74.2,1
Civil,Tier2,5.43,73.2,88.9,3,0,3,85.0,1,2,8.9,52.8,0
Civil,Tier3,7.86,78.8,80.7,1,2,4,27.0,2,2,6.3,50.2,0
CSE,Tier2,7.83,74.0,73.5,0,0,1,118.0,2,0,3.7,55.2,1
CSE,Tier2,9.27,79.8,67.9,1,0,1,55.0,0,1,3.7,61.3,0
Mechanical,Tier3,5.72,70.6,66.2,2,0,1,15.0,2,0,3.5,,0
CSE,Tier2,8.91,68.5,79.0,0,0,6,190.0,2,0,4.8,43.4,1
Mechanical,Tier2,6.74,91.0,73.6,0,0,0,24.0,0,0,6.1,58.6,0
EEE,Tier3,6.85,71.3,92.5,0,1,2,32.0,2,0,6.4,63.4,1
CSE,Tier3,6.08,80.0,75.2,1,1,2,103.0,1,0,8.0,38.1,0
Mechanical,Tier3,6.21,88.6,,2,2,3,22.0,1,1,2.3,38.2,0
CSE,Tier2,7.7,88.2,63.1,0,0,3,468.0,1,2,6.0,64.4,1
IT,Tier3,6.19,87.2,73.4,1,1,3,173.0,2,2,6.8,,0
ECE,Tier1,8.04,82.7,78.8,0,1,1,11.0,0,0,1.0,38.6,1
ECE,Tier2,6.64,86.5,73.3,0,1,2,81.0,0,1,6.8,42.9,0
EEE,Tier2,6.09,92.4,72.1,0,2,0,48.0,0,0,10.0,61.7,1
EEE,Tier3,6.77,83.8,80.3,1,1,2,53.0,2,1,7.4,42.6,0
Civil,Tier3,7.64,63.5,92.1,0,0,7,36.0,1,2,6.6,45.4,1
Civil,Tier3,7.02,75.2,78.4,0,0,0,31.0,0,0,5.5,,0
ECE,Tier3,7.33,86.3,88.4,0,0,1,81.0,2,0,6.4,37.9,0
CSE,Tier2,,74.4,83.2,0,0,3,37.0,3,0,8.8,39.2,1
EEE,Tier2,8.38,94.6,,0,1,1,94.0,0,3,5.4,53.8,1
Civil,Tier2,6.99,79.4,70.9,1,1,1,44.0,1,0,8.1,33.1,0
IT,Tier1,6.26,80.8,74.9,0,1,4,25.0,2,0,,41.5,0
ECE,Tier2,7.38,90.1,75.0,1,0,2,8.0,1,0,8.9,55.0,1
IT,Tier3,7.77,78.4,82.5,0,3,2,56.0,0,2,8.0,58.4,1
CSE,Tier3,5.84,81.6,84.9,1,3,2,64.0,0,1,6.3,42.5,0
EEE,Tier3,6.41,88.1,78.3,0,0,0,8.0,0,0,6.2,32.7,1
IT,Tier2,6.58,66.7,85.8,1,0,2,143.0,2,1,5.4,43.0,0
Mechanical,Tier2,7.09,77.4,71.4,1,1,2,64.0,0,0,7.8,54.6,0
Mechanical,Tier1,,87.5,85.9,1,0,4,61.0,0,0,4.9,55.1,1
Mechanical,Tier2,8.01,80.6,87.2,0,2,5,75.0,1,2,6.2,51.8,1
IT,Tier2,5.69,93.2,83.8,1,1,1,68.0,2,1,5.7,35.0,0
IT,Tier2,5.72,65.8,78.3,0,1,3,128.0,1,0,3.6,44.6,0
EEE,Tier1,6.97,,84.1,0,1,1,75.0,1,0,6.4,45.6,0
Mechanical,Tier3,7.12,86.9,68.1,1,0,5,58.0,0,0,3.3,38.4,1
ECE,Tier2,5.85,87.8,79.0,0,2,2,48.0,2,1,5.2,47.9,1
Mechanical,Tier2,6.69,78.3,80.0,1,0,2,96.0,1,1,7.2,48.7,0
CSE,Tier2,6.9,83.6,63.7,0,0,1,74.0,1,0,6.3,36.2,0
Mechanical,Tier2,6.91,86.7,81.7,1,0,3,30.0,2,1,6.3,42.0,0
CSE,Tier2,7.45,72.7,64.5,0,2,4,110.0,2,0,4.4,50.0,1
CSE,Tier2,6.64,73.6,72.7,0,0,1,109.0,1,0,7.9,29.9,0
ECE,Tier2,8.78,81.7,77.4,0,3,6,42.0,3,1,4.4,50.2,1
CSE,Tier1,7.79,88.1,69.7,0,1,1,22.0,2,0,7.3,61.5,1
CSE,Tier3,6.49,69.5,77.8,2,1,4,205.0,2,0,,41.6,1
CSE,Tier1,7.39,78.2,77.7,0,1,1,128.0,0,3,3.2,42.4,1
IT,Tier2,,77.8,68.8,0,1,5,5.0,3,0,5.3,65.1,1
Mechanical,Tier2,8.51,83.8,82.7,0,1,2,5.0,1,0,5.1,61.8,1
CSE,Tier2,6.7,79.9,69.4,1,1,4,239.0,2,0,6.5,56.8,1
EEE,Tier2,8.07,75.1,99.0,0,2,3,25.0,2,0,4.3,45.9,1
Mechanical,Tier3,7.34,91.2,75.9,0,0,2,41.0,2,1,3.9,48.3,1
CSE,Tier2,8.79,75.1,65.3,1,0,1,40.0,1,0,5.9,58.8,1
CSE,Tier3,8.59,77.4,67.2,1,0,2,489.0,1,1,5.0,60.7,1
Mechanical,Tier2,7.5,65.7,88.5,0,1,0,37.0,2,1,5.7,79.9,0
,Tier1,7.04,73.6,72.9,0,0,2,26.0,2,2,7.6,51.2,1
ECE,Tier2,7.81,84.6,63.4,0,0,1,78.0,2,0,3.1,67.0,0
Mechanical,Tier2,7.12,,85.5,0,0,3,14.0,1,2,5.8,78.1,1
CSE,Tier2,8.98,85.4,72.8,0,0,2,213.0,0,0,4.9,80.5,1
IT,Tier3,7.38,85.0,83.5,0,1,1,84.0,1,1,6.0,53.8,1
EEE,Tier3,6.89,98.8,,0,2,3,67.0,2,0,4.9,63.2,1
CSE,Tier3,6.84,73.3,79.7,2,2,1,121.0,1,1,,50.7,1
EEE,Tier2,,65.4,99.0,2,0,2,32.0,1,0,6.7,45.0,0
ECE,Tier3,7.86,70.5,59.8,1,1,3,9.0,1,0,10.0,64.4,1
EEE,Tier2,6.48,73.7,68.8,2,1,2,43.0,2,1,5.8,58.0,1
ECE,Tier3,8.4,71.2,74.4,0,0,1,19.0,0,0,4.7,63.1,1
IT,Tier3,,80.8,99.0,0,1,2,106.0,1,1,4.7,43.0,0
CSE,Tier3,7.43,91.3,95.0,0,0,5,182.0,5,0,7.7,46.3,1
CSE,Tier3,8.45,93.9,89.9,1,1,4,144.0,0,2,4.4,42.8,0
EEE,Tier3,5.15,84.5,69.1,0,0,4,1.0,4,0,8.3,42.7,0
CSE,Tier1,9.32,99.0,70.2,0,3,1,74.0,4,0,3.1,64.4,1
CSE,Tier3,6.87,76.8,68.7,0,3,1,57.0,2,1,,59.3,1
CSE,Tier2,7.44,65.3,69.2,0,2,4,63.0,3,0,7.2,,0
CSE,Tier3,7.87,89.5,91.9,0,0,7,114.0,0,3,7.4,55.6,1
Mechanical,Tier3,8.03,63.5,74.6,1,0,4,27.0,2,1,7.2,52.7,1
IT,Tier1,7.57,73.2,75.9,0,4,2,48.0,1,0,6.5,52.2,1
Civil,Tier1,8.3,84.7,84.7,1,2,1,12.0,1,0,8.1,71.4,1
CSE,Tier1,7.82,79.1,60.4,0,2,2,71.0,2,0,4.2,69.5,1
EEE,Tier2,9.06,78.3,77.5,2,0,1,69.0,0,2,4.8,,1
IT,Tier1,,,66.0,0,1,1,178.0,1,0,5.3,55.2,0
IT,Tier3,9.26,79.9,74.1,0,0,0,123.0,2,1,8.7,59.1,1
Mechanical,Tier2,8.2,89.0,71.1,0,1,0,4.0,1,3,6.8,70.5,1
Civil,Tier3,,80.2,70.6,1,1,1,46.0,1,1,7.2,63.0,0
Mechanical,Tier2,9.91,72.5,79.3,1,3,2,103.0,2,1,5.7,83.7,1
CSE,Tier2,6.73,68.8,79.2,0,1,3,32.0,6,1,7.5,54.5,1
CSE,Tier1,8.8,72.7,74.8,1,2,4,68.0,2,0,3.2,59.5,0
EEE,Tier3,7.33,83.5,80.7,0,0,6,69.0,1,0,5.3,59.9,1
IT,Tier1,8.36,83.1,,0,1,1,12.0,3,0,5.6,65.9,1
EEE,Tier1,6.61,72.8,83.8,2,1,4,28.0,1,1,5.1,43.3,1
ECE,Tier2,7.93,60.1,74.9,0,0,2,120.0,0,0,5.4,52.3,1
ECE,Tier3,7.05,83.8,72.2,2,0,1,111.0,3,0,7.0,86.8,0
Mechanical,Tier1,8.88,71.9,69.1,0,3,3,111.0,1,0,6.4,,0
EEE,Tier3,7.74,86.2,74.6,1,0,2,28.0,2,1,8.1,63.9,0
CSE,Tier3,8.24,73.2,95.7,0,1,2,237.0,2,1,2.2,50.0,1
CSE,Tier3,5.14,71.1,76.4,3,0,3,117.0,0,0,8.7,39.2,0
ECE,Tier1,7.21,81.4,65.6,1,2,4,18.0,0,2,4.8,40.0,0
,Tier1,7.71,99.0,86.2,1,0,3,24.0,4,0,8.4,42.5,0
CSE,Tier2,,86.7,72.3,0,3,0,136.0,3,0,5.2,60.0,1
,Tier2,8.26,81.2,,2,3,3,11.0,1,0,6.7,62.3,1
EEE,Tier3,6.93,83.2,70.9,0,0,1,35.0,1,0,4.1,71.8,0
,Tier2,7.35,64.2,89.8,0,2,2,43.0,0,1,,52.1,1
,Tier2,,69.9,71.1,1,2,1,62.0,2,0,7.0,59.3,1
IT,Tier1,5.02,57.4,91.0,2,1,0,16.0,2,2,1.2,39.6,0
CSE,Tier2,7.89,95.6,66.5,0,4,4,88.0,1,1,3.8,42.8,1
ECE,Tier1,6.97,93.7,74.1,0,2,2,76.0,2,1,7.4,56.9,1
IT,Tier3,6.39,83.5,91.0,1,1,2,353.0,1,1,5.3,44.9,0
ECE,Tier1,7.64,81.2,78.7,1,2,2,18.0,2,2,,36.0,1
EEE,Tier3,8.53,66.0,99.0,0,0,1,94.0,4,1,8.7,70.9,1
CSE,Tier3,8.34,78.0,74.3,1,0,3,182.0,1,0,9.4,49.8,1
CSE,Tier1,7.16,96.1,79.6,0,1,4,263.0,2,0,6.0,54.8,0
CSE,Tier1,8.18,81.2,96.1,0,1,2,12.0,2,1,8.3,60.3,0
Mechanical,Tier2,8.17,74.9,61.9,0,1,5,65.0,2,2,8.7,58.4,1
ECE,Tier1,7.21,64.2,60.6,1,5,2,93.0,2,1,6.0,,1
CSE,Tier2,6.61,92.4,69.0,0,1,2,97.0,1,0,5.1,64.8,1
Mechanical,Tier3,6.66,79.4,85.1,0,2,1,30.0,3,3,6.2,39.6,0
ECE,Tier3,8.14,64.2,60.9,0,1,1,43.0,1,1,3.4,26.2,1
ECE,Tier1,7.26,,83.0,2,3,3,88.0,1,0,7.0,61.5,1
Civil,Tier2,6.25,68.5,82.3,1,0,2,19.0,2,0,5.4,56.1,0
,Tier2,5.62,78.8,97.1,1,2,3,45.0,1,0,6.1,28.7,0
CSE,Tier3,8.13,81.9,87.5,0,0,1,7.0,1,0,,55.6,1
ECE,Tier1,6.75,75.5,80.6,0,0,4,36.0,3,1,4.5,61.7,1
CSE,Tier3,7.63,87.0,90.6,1,2,4,25.0,1,2,5.9,70.1,1
EEE,Tier3,8.54,80.7,82.4,0,0,2,36.0,1,4,3.6,65.0,1
CSE,Tier1,5.99,89.6,72.4,5,1,4,40.0,2,1,5.1,,0
CSE,Tier1,7.25,76.8,65.6,0,1,1,61.0,1,2,4.0,59.9,1
CSE,Tier2,7.13,99.0,71.3,0,0,5,70.0,0,0,4.4,49.0,1
IT,Tier3,7.68,74.9,76.6,0,1,1,112.0,2,0,1.9,40.3,1
CSE,Tier2,8.54,71.9,78.8,0,1,1,119.0,0,0,5.2,54.6,1
CSE,Tier3,5.97,70.8,55.6,1,0,1,80.0,1,0,6.9,58.3,0
Mechanical,Tier3,7.87,78.1,74.8,0,1,4,27.0,0,0,6.3,67.7,1
IT,Tier3,8.33,64.5,77.3,0,1,2,60.0,0,0,8.0,59.1,1
IT,Tier2,7.11,82.7,,0,1,5,18.0,0,2,4.3,46.6,1
CSE,Tier2,7.16,62.9,93.3,0,0,0,220.0,1,2,5.1,71.6,1
,Tier3,7.72,81.5,78.9,0,1,5,46.0,1,2,7.7,55.1,1
CSE,Tier2,7.64,67.8,67.9,0,2,5,100.0,2,2,5.8,60.9,1
ECE,Tier3,7.88,76.6,58.8,0,1,1,12.0,3,0,6.3,39.9,0
CSE,Tier1,7.86,85.4,83.9,0,3,1,160.0,1,3,9.8,53.6,1
Mechanical,Tier1,6.32,99.0,68.3,2,2,2,41.0,0,0,5.5,59.6,0
Civil,Tier3,8.29,70.3,85.7,0,1,6,51.0,5,0,5.1,40.0,1
CSE,Tier2,8.47,78.6,91.0,0,2,2,29.0,3,1,4.2,56.9,1
CSE,Tier1,7.49,73.5,61.6,1,1,5,131.0,3,0,5.5,57.3,1
CSE,Tier1,5.81,72.2,82.5,2,4,2,12.0,0,1,,61.2,1
ECE,Tier2,7.19,,89.9,1,2,2,22.0,1,1,7.0,62.6,1
CSE,Tier3,7.49,87.4,87.2,0,0,2,33.0,0,0,8.6,,0
Mechanical,Tier1,6.16,75.6,56.0,2,0,1,40.0,1,0,6.6,,0
EEE,Tier1,6.94,99.0,68.5,0,2,3,92.0,1,1,2.0,60.4,0
Mechanical,Tier2,5.89,83.7,64.2,0,1,2,59.0,4,1,7.1,33.0,1
ECE,Tier3,7.91,,82.2,1,3,5,106.0,1,0,6.2,42.7,0
Civil,Tier2,7.47,76.7,81.1,0,1,4,42.0,4,0,6.0,72.5,1
CSE,Tier3,5.65,72.8,50.0,3,3,2,162.0,4,2,8.2,37.8,0
IT,Tier3,7.65,87.2,74.0,0,0,4,199.0,1,0,5.5,46.8,0
IT,Tier2,7.24,65.3,85.0,0,0,0,198.0,2,0,7.0,23.5,1
Civil,Tier3,7.82,67.9,78.5,0,0,2,11.0,1,0,4.1,66.8,1
ECE,Tier3,6.91,74.7,78.5,2,0,3,18.0,3,1,3.3,36.1,0
Mechanical,Tier2,6.5,86.1,73.4,4,0,0,73.0,0,0,4.9,37.6,0
CSE,Tier2,6.53,91.1,66.4,1,0,2,267.0,0,2,5.4,60.8,0
Civil,Tier3,6.76,92.4,76.8,0,3,0,17.0,2,0,7.0,22.3,0
ECE,Tier3,7.32,84.8,77.5,0,0,4,19.0,0,0,4.0,67.9,0
ECE,Tier3,7.45,79.3,83.2,1,0,0,59.0,0,2,8.7,42.3,1
Civil,Tier3,7.11,87.2,84.0,0,1,2,27.0,3,0,4.3,48.8,0
IT,Tier2,6.88,69.7,77.9,1,1,1,192.0,2,0,5.8,40.1,1
IT,Tier3,6.95,63.4,87.9,0,0,3,156.0,1,0,6.0,33.8,0
ECE,Tier3,9.81,83.9,73.3,0,0,1,84.0,2,1,6.5,54.9,0
CSE,Tier2,6.53,,62.6,0,1,2,75.0,1,1,6.8,37.7,1
IT,Tier1,6.74,79.4,81.8,0,1,1,64.0,2,1,10.0,33.9,1
CSE,Tier2,10.0,81.1,78.3,0,0,0,49.0,2,1,4.9,83.5,1
CSE,Tier3,7.72,82.2,82.0,0,0,2,262.0,2,1,,42.0,1
Mechanical,Tier2,5.92,88.4,64.4,2,2,0,12.0,3,1,5.8,22.0,0
ECE,Tier3,8.14,,94.9,2,2,2,10.0,0,0,7.8,30.9,1
IT,Tier1,,81.8,84.1,1,2,2,107.0,2,2,6.8,52.2,0
IT,Tier2,8.21,76.0,74.1,0,0,1,63.0,0,2,6.4,35.2,1
IT,Tier3,7.09,81.0,67.6,0,1,5,201.0,1,2,3.3,,1
ECE,Tier1,6.86,74.6,87.8,0,1,5,9.0,1,0,5.2,72.9,1
Civil,Tier3,8.91,78.2,66.0,0,0,3,33.0,2,0,4.2,61.7,0
Civil,Tier1,7.87,99.0,99.0,0,3,1,6.0,1,3,5.2,58.2,0
,Tier3,8.27,81.6,70.9,0,0,2,72.0,1,1,4.5,50.0,1
IT,Tier2,7.73,84.1,94.2,0,1,4,105.0,3,3,5.1,53.5,1
ECE,Tier3,,73.7,75.2,0,0,2,37.0,4,3,5.3,46.7,1
ECE,Tier3,7.91,89.2,92.8,1,2,0,35.0,1,0,5.3,58.3,0
ECE,Tier1,8.51,86.8,69.7,0,1,3,63.0,0,0,5.5,77.4,1
EEE,Tier1,7.43,86.9,77.2,0,4,2,16.0,5,1,4.3,47.0,1
ECE,Tier1,9.1,81.9,85.0,0,4,6,51.0,1,0,6.1,51.1,1
IT,Tier2,8.15,89.3,83.6,1,1,2,84.0,0,2,4.4,54.8,1
IT,Tier3,7.51,91.4,88.0,2,0,1,73.0,2,1,4.9,64.1,1
IT,Tier2,7.55,,72.1,0,1,3,139.0,1,1,5.9,48.7,1
CSE,Tier2,7.44,79.0,77.8,0,0,1,111.0,2,1,,55.4,1
CSE,Tier2,6.05,88.1,89.5,1,1,1,135.0,2,2,10.0,51.4,1
EEE,Tier2,7.21,71.9,69.9,0,1,3,136.0,1,0,6.9,76.9,1
IT,Tier3,,73.5,82.7,0,3,6,84.0,2,0,6.6,63.7,1
CSE,Tier2,6.88,79.5,74.8,0,1,3,26.0,2,1,5.1,38.9,1
ECE,Tier3,7.64,64.3,79.1,0,1,4,17.0,1,0,6.2,26.9,0
EEE,Tier3,7.32,87.4,77.8,0,0,0,104.0,1,1,3.8,53.4,1
CSE,Tier2,8.07,71.3,69.1,0,1,2,70.0,2,2,6.9,46.9,0
Mechanical,Tier1,,75.8,74.4,0,1,1,63.0,4,1,3.0,49.0,0
Civil,Tier1,7.47,78.1,78.4,0,0,0,37.0,1,0,3.7,40.4,0
ECE,Tier2,5.93,80.4,76.0,0,2,1,14.0,1,0,4.7,,0
EEE,Tier2,9.09,76.9,92.7,0,2,2,44.0,3,1,8.7,54.2,1
CSE,Tier3,7.16,79.4,87.1,1,1,2,52.0,2,1,,49.4,0
Civil,Tier3,7.22,79.5,79.9,0,0,1,23.0,1,1,6.6,43.0,0
IT,Tier2,6.96,76.0,69.4,0,2,3,92.0,0,1,2.3,41.2,1
Civil,Tier3,6.81,73.0,68.8,0,0,1,7.0,3,0,6.0,55.4,0
ECE,Tier2,8.84,89.7,96.7,0,1,0,61.0,2,1,9.1,59.2,1
CSE,Tier3,8.69,61.1,66.9,0,1,3,64.0,1,0,6.9,,1
CSE,Tier1,7.74,78.1,78.1,0,2,3,169.0,0,0,2.3,53.1,1
EEE,Tier3,7.19,75.8,80.6,1,2,1,66.0,5,3,6.1,40.2,1
ECE,Tier3,7.92,83.8,73.9,0,0,6,32.0,1,0,5.2,71.8,0
CSE,Tier3,7.37,66.9,67.0,0,1,4,105.0,0,0,8.2,76.3,0
EEE,Tier3,7.11,75.5,69.2,0,0,2,52.0,1,2,5.8,65.4,0
Mechanical,Tier2,,79.1,71.5,2,2,1,28.0,3,1,3.4,32.0,0
ECE,Tier3,6.86,89.6,69.9,1,1,1,5.0,0,2,5.8,41.4,0
ECE,Tier2,7.55,83.0,90.3,0,1,0,44.0,4,1,,61.3,1
CSE,Tier3,7.5,69.3,76.9,0,0,7,199.0,1,0,2.1,43.5,0
Mechanical,Tier1,7.9,75.6,71.8,0,4,4,20.0,5,0,5.7,46.1,1
IT,Tier2,6.68,88.0,78.1,0,1,3,176.0,2,2,6.0,31.9,0
Mechanical,Tier2,8.01,69.2,83.7,0,0,3,12.0,0,1,6.7,50.7,0
,Tier1,6.39,79.3,73.6,0,1,7,77.0,2,0,7.8,37.1,1
ECE,Tier3,6.73,79.9,,1,0,2,35.0,0,0,5.5,19.9,0
CSE,Tier3,6.77,76.5,64.3,0,0,1,94.0,1,1,3.3,62.7,0
CSE,Tier3,6.23,99.0,88.7,2,1,1,43.0,0,1,4.5,51.1,0
Mechanical,Tier1,8.32,76.3,76.9,0,1,1,12.0,3,0,6.0,,1
ECE,Tier3,6.33,84.0,76.5,0,0,0,32.0,1,1,8.2,57.1,0
ECE,Tier1,6.6,73.1,70.1,0,2,4,57.0,3,2,6.0,49.5,1
,Tier2,8.56,,64.7,0,0,1,20.0,1,1,5.8,71.7,1
Civil,Tier3,6.73,87.8,60.3,0,1,1,34.0,2,0,5.6,57.5,0
Mechanical,Tier1,7.11,74.7,69.4,0,1,0,136.0,1,1,6.0,41.3,1
CSE,Tier1,6.29,79.5,,4,3,2,116.0,1,1,9.4,54.5,0
ECE,Tier1,8.13,71.9,67.4,1,3,3,32.0,3,1,5.8,64.2,1
Mechanical,Tier2,8.15,69.7,61.5,0,1,3,36.0,1,0,5.5,68.4,1
IT,Tier3,,89.3,67.9,0,1,1,297.0,0,3,6.1,67.2,1
CSE,Tier1,7.84,75.0,73.2,1,2,3,146.0,1,1,4.8,79.1,1
Mechanical,Tier1,7.37,58.3,73.5,1,0,1,21.0,1,1,3.2,63.3,0
ECE,Tier2,6.78,95.9,75.7,0,2,4,62.0,1,0,2.9,39.5,0
ECE,Tier2,6.49,,87.3,2,2,4,15.0,1,0,4.7,49.6,0
Civil,Tier3,8.59,77.8,89.5,0,1,2,41.0,1,1,8.1,45.4,1
ECE,Tier3,8.06,94.8,97.1,1,1,3,89.0,0,0,8.1,69.8,1
IT,Tier3,6.61,78.7,60.8,0,2,3,103.0,2,1,4.0,37.8,1
IT,Tier3,7.34,78.5,68.4,0,1,3,35.0,1,0,5.7,78.5,1
IT,Tier2,7.0,68.9,84.0,1,0,4,96.0,1,0,6.2,46.5,0
CSE,Tier3,6.17,65.3,72.5,0,3,0,222.0,1,0,,45.3,0
Mechanical,Tier1,7.48,78.5,85.6,0,1,1,19.0,2,1,8.4,46.8,1
Mechanical,Tier1,6.88,83.3,79.1,0,2,6,61.0,1,0,7.4,40.8,1
IT,Tier3,6.35,82.7,92.8,1,0,3,230.0,0,0,6.6,40.4,0
IT,Tier1,5.82,75.7,87.4,1,0,1,127.0,0,1,6.1,46.9,0
Mechanical,Tier3,5.74,80.2,87.6,4,0,2,39.0,2,0,3.2,43.9,0
CSE,Tier3,6.93,63.5,72.9,0,0,4,52.0,1,1,8.4,44.5,1
ECE,Tier3,7.21,84.1,76.0,0,0,0,23.0,2,0,7.0,,1
ECE,Tier2,6.42,81.5,73.9,1,1,3,31.0,1,0,6.7,40.6,0
EEE,Tier2,7.95,97.8,61.9,0,0,2,62.0,3,1,4.7,54.7,0
CSE,Tier3,7.23,80.1,91.7,0,1,3,396.0,1,0,4.8,72.4,0
EEE,Tier2,7.88,71.5,84.5,0,0,1,20.0,3,1,6.9,47.5,0
IT,Tier2,7.12,79.5,73.5,0,0,2,142.0,2,2,8.0,46.9,1
ECE,Tier3,6.51,77.0,90.0,0,1,3,78.0,0,0,9.1,33.7,0
CSE,Tier3,7.41,83.9,70.7,0,0,3,97.0,2,1,4.7,48.0,0
ECE,Tier3,6.04,,58.6,1,1,4,38.0,0,0,5.7,49.7,1
ECE,Tier1,7.84,68.7,87.1,0,3,3,9.0,2,1,2.2,47.9,1
CSE,Tier2,6.36,,64.2,0,3,2,110.0,0,1,1.6,33.2,1
CSE,Tier2,8.22,82.4,75.0,0,0,3,91.0,0,1,6.9,60.4,1
CSE,Tier1,6.96,92.4,79.1,1,1,1,72.0,2,1,4.5,55.4,1
IT,Tier2,8.36,80.7,80.9,0,1,0,123.0,1,0,,,0
CSE,Tier2,6.18,87.3,85.5,3,1,1,40.0,2,2,3.9,,1
Civil,Tier1,6.62,89.1,82.8,0,2,1,19.0,3,0,6.6,64.6,1
IT,Tier2,7.68,82.4,82.5,0,0,0,111.0,2,1,6.7,47.6,1
Mechanical,Tier1,8.47,72.7,69.1,1,3,2,104.0,2,1,3.1,45.3,1
Civil,Tier2,8.97,81.8,79.9,1,1,2,33.0,3,0,8.2,72.1,0
CSE,Tier1,7.34,90.9,61.9,0,0,2,98.0,0,0,4.7,67.7,1
EEE,Tier3,,84.8,92.6,0,2,3,38.0,1,0,6.5,56.9,1
Mechanical,Tier1,7.01,86.7,63.0,0,2,2,15.0,2,1,6.1,40.1,1
ECE,Tier3,,75.8,73.5,0,0,2,30.0,0,1,6.0,62.3,1
IT,Tier1,6.36,78.2,63.8,2,0,1,107.0,1,1,4.3,30.8,0
IT,Tier2,7.72,78.9,69.7,0,1,3,106.0,3,0,6.0,84.2,0
CSE,Tier2,4.96,79.5,77.1,5,0,2,131.0,1,1,6.5,27.4,0
ECE,Tier2,6.18,90.5,71.7,2,0,4,15.0,0,1,5.6,50.2,0
Civil,Tier2,7.77,58.9,88.4,0,0,0,22.0,1,0,6.2,51.9,0
Civil,Tier3,5.99,80.3,79.3,4,1,1,7.0,2,0,8.0,33.9,0
CSE,Tier3,7.73,79.3,72.4,0,1,4,235.0,2,0,5.2,42.4,1
,Tier2,8.21,67.7,75.7,0,1,0,27.0,1,3,7.2,69.6,1
IT,Tier1,,86.0,89.2,0,3,5,116.0,3,2,,53.4,1
Civil,Tier3,6.33,,86.1,2,0,4,37.0,2,1,8.6,,0
CSE,Tier2,6.83,76.8,65.6,1,2,2,7.0,1,1,3.5,42.4,0
Civil,Tier2,6.33,96.6,70.2,0,1,3,12.0,1,0,8.3,36.9,0
Mechanical,Tier3,,89.1,81.7,1,1,1,36.0,2,0,5.0,61.6,1
CSE,Tier2,7.4,85.2,80.5,0,1,2,140.0,1,2,9.8,63.1,1
CSE,Tier3,6.99,83.4,66.5,0,0,2,133.0,1,3,6.8,56.3,1
Mechanical,Tier2,8.97,78.5,84.5,0,1,2,11.0,3,0,7.5,62.9,1
CSE,Tier2,6.58,98.0,68.1,0,0,0,39.0,1,1,5.7,55.4,1
ECE,Tier1,8.69,87.2,90.0,0,0,3,50.0,0,0,7.2,38.7,1
Civil,Tier3,6.26,73.3,82.3,2,2,5,53.0,2,0,7.2,49.6,0
ECE,Tier1,7.37,67.4,65.7,0,1,2,10.0,2,1,5.7,64.7,1
IT,Tier3,8.48,85.1,71.7,1,0,3,124.0,5,3,7.4,60.2,1
IT,Tier3,8.43,79.5,71.5,0,0,5,90.0,0,0,1.0,57.8,0
CSE,Tier3,6.88,67.1,78.6,0,2,4,77.0,4,2,4.8,41.8,1
Civil,Tier1,7.86,83.9,75.0,0,2,2,106.0,1,0,6.0,47.4,1
IT,Tier2,7.72,77.6,65.5,0,1,2,83.0,2,1,6.9,47.3,0
CSE,Tier2,6.76,84.8,63.1,1,0,1,60.0,1,0,7.7,51.5,0
IT,Tier2,7.92,84.0,82.5,0,1,1,163.0,1,0,5.5,48.8,1
Civil,Tier3,9.16,74.5,79.9,0,1,2,63.0,0,0,5.3,38.9,0
CSE,Tier2,7.77,85.7,78.1,0,2,2,226.0,1,0,7.6,63.4,1
Mechanical,Tier3,7.87,75.5,79.7,0,0,0,60.0,1,0,8.1,,0
EEE,Tier1,7.97,76.1,70.8,0,2,2,59.0,1,1,7.3,59.1,1
,Tier2,5.84,75.2,78.8,3,0,2,38.0,2,0,5.7,33.0,0
,Tier1,,90.2,99.0,0,1,2,149.0,2,0,10.0,47.9,1
Mechanical,Tier3,6.28,77.5,88.7,1,0,1,16.0,5,0,6.1,52.6,0
Civil,Tier1,6.71,92.4,74.1,0,2,0,54.0,2,1,6.4,48.9,1
CSE,Tier2,9.46,96.1,71.8,0,0,2,37.0,2,1,8.9,53.9,1
Mechanical,Tier3,7.05,73.4,48.4,0,0,2,38.0,1,0,8.8,65.8,1
ECE,Tier2,6.56,53.7,,0,0,2,37.0,1,1,7.3,37.6,0
ECE,Tier1,8.45,89.4,84.9,1,3,3,38.0,1,0,4.4,,0
Mechanical,Tier1,6.35,76.9,71.6,1,3,2,6.0,1,1,6.2,47.8,1
Civil,Tier2,,72.2,62.7,1,0,3,27.0,2,0,6.9,50.8,0
EEE,Tier2,8.55,74.7,65.4,0,0,3,167.0,2,0,9.5,58.4,0
ECE,Tier1,7.34,76.3,81.4,0,2,5,41.0,2,0,10.0,56.5,1
ECE,Tier3,5.74,,76.1,3,0,2,75.0,2,2,4.9,37.0,0
IT,Tier2,,81.4,83.9,0,0,3,124.0,2,0,7.5,66.5,1
IT,Tier2,6.9,91.6,77.9,0,1,2,345.0,3,0,4.5,33.1,1
IT,Tier2,8.84,84.4,86.7,0,2,3,125.0,2,1,5.8,58.9,1
CSE,Tier1,6.69,77.2,80.7,0,4,3,104.0,2,0,4.4,41.0,1
CSE,Tier1,8.35,76.5,85.3,0,4,2,29.0,1,3,9.0,68.8,1
Mechanical,Tier2,9.08,85.1,56.1,1,0,2,12.0,1,0,6.4,50.8,0
IT,Tier1,6.45,87.4,64.7,2,0,2,58.0,0,0,6.5,48.1,0
Civil,Tier2,7.11,89.0,73.4,0,0,1,33.0,2,0,6.1,51.6,0
ECE,Tier3,7.69,77.6,87.8,0,0,3,13.0,1,0,6.7,55.8,0
,Tier3,6.44,81.6,95.8,0,1,2,103.0,1,0,6.7,38.5,1
CSE,Tier2,7.57,85.3,75.4,1,1,3,100.0,3,2,4.8,57.2,1
CSE,Tier2,7.08,76.5,70.9,1,0,5,288.0,2,1,3.0,50.7,1
Civil,Tier2,7.05,69.8,57.5,0,1,3,127.0,0,0,3.6,54.4,0
CSE,Tier3,7.35,72.7,85.6,0,0,2,163.0,0,0,3.1,70.6,1
ECE,Tier2,7.37,77.8,71.5,0,1,2,67.0,1,1,6.4,53.2,1
Civil,Tier2,7.46,86.0,99.0,0,0,0,84.0,3,2,4.5,40.4,0
Civil,Tier2,6.7,91.3,69.6,1,1,1,50.0,1,0,7.8,72.0,0
CSE,Tier1,6.74,,98.1,1,2,3,217.0,1,0,6.4,60.5,1
CSE,Tier2,7.18,74.6,84.5,0,2,6,26.0,0,1,2.7,58.8,1
CSE,Tier3,7.26,76.8,66.7,0,1,1,180.0,1,0,5.3,49.1,1
CSE,Tier3,6.86,87.2,79.3,0,0,3,35.0,2,1,2.2,58.2,1
CSE,Tier1,7.62,75.2,84.7,0,2,4,40.0,1,0,3.9,28.4,1
ECE,Tier2,5.49,76.1,74.7,3,0,5,83.0,1,0,5.1,61.0,0
Civil,Tier2,6.57,67.3,85.4,0,0,1,21.0,3,0,4.3,58.6,0
ECE,Tier2,7.02,84.4,85.2,0,1,5,17.0,3,2,9.4,,0
,Tier2,6.44,78.5,83.0,0,1,3,53.0,0,1,7.3,57.7,0
CSE,Tier1,8.93,74.1,76.8,0,3,3,48.0,2,1,5.4,67.1,1
Mechanical,Tier3,7.32,77.7,65.3,1,1,4,17.0,3,0,8.6,39.5,1
ECE,Tier3,7.48,90.1,76.2,0,1,1,9.0,0,0,4.2,54.5,0
Mechanical,Tier3,6.82,71.0,78.8,0,2,1,26.0,2,1,5.4,53.6,0
Civil,Tier3,7.28,72.4,58.2,0,0,4,65.0,2,0,7.5,49.8,0
IT,Tier2,6.08,91.3,78.7,4,1,6,180.0,1,0,4.0,42.8,0
CSE,Tier2,7.13,80.7,76.0,0,1,2,78.0,0,1,7.2,61.5,1
CSE,Tier1,6.36,86.0,64.0,2,3,2,284.0,3,1,6.5,48.9,0
IT,Tier2,7.02,83.6,73.7,0,1,3,137.0,4,0,7.1,72.6,1
Civil,Tier1,4.74,79.7,73.9,1,0,2,84.0,0,0,9.2,30.9,0
IT,Tier3,6.17,76.9,,1,1,2,59.0,1,0,6.8,50.8,1
Mechanical,Tier2,8.76,87.5,79.2,0,2,3,29.0,2,1,,47.8,1
ECE,Tier2,8.13,90.5,87.4,0,2,0,33.0,2,0,3.3,63.8,1
CSE,Tier2,8.62,89.8,,0,1,1,72.0,0,0,,44.7,0
IT,Tier3,8.69,69.3,58.3,0,0,1,8.0,1,1,5.1,61.9,1
EEE,Tier1,7.97,,83.7,0,1,2,40.0,0,0,5.8,69.0,1
EEE,Tier1,6.85,76.8,70.4,1,4,3,50.0,1,2,5.1,49.9,0
IT,Tier1,6.26,73.2,73.6,1,4,3,118.0,1,0,6.9,34.4,1
CSE,Tier3,8.45,78.5,66.5,0,1,0,306.0,0,1,4.2,68.6,0
EEE,Tier3,7.36,87.5,77.7,0,0,4,129.0,1,0,6.4,56.1,0
CSE,Tier2,,84.9,87.7,0,0,2,16.0,3,0,4.1,62.9,1
Civil,Tier3,6.93,,86.3,0,0,2,99.0,0,1,2.8,38.1,0
CSE,Tier2,9.27,87.5,92.9,0,0,1,294.0,3,0,5.4,42.0,1
CSE,Tier3,7.14,81.3,94.3,0,2,3,11.0,2,0,6.8,77.7,1
ECE,Tier1,8.64,74.8,56.5,0,3,5,63.0,2,0,4.6,51.3,1
ECE,Tier2,9.0,73.6,65.1,1,0,2,41.0,0,0,6.2,48.1,1
ECE,Tier3,6.28,83.7,58.9,2,1,1,114.0,1,0,5.3,50.2,1
IT,Tier2,6.82,79.3,83.3,1,1,3,271.0,2,1,4.1,36.9,1
Civil,Tier2,6.27,67.6,70.1,3,2,2,211.0,0,1,7.0,52.3,0
ECE,Tier3,6.07,87.6,72.1,2,2,5,65.0,1,0,4.8,61.6,0
ECE,Tier3,7.97,75.7,74.8,0,1,3,57.0,2,0,6.7,42.1,1
IT,Tier2,7.1,94.3,80.8,0,0,2,48.0,2,0,3.4,46.9,0
CSE,Tier3,7.35,67.4,62.1,1,1,1,63.0,1,0,6.2,56.9,1
ECE,Tier3,7.86,78.4,64.4,0,1,3,59.0,2,0,7.1,39.7,0
CSE,Tier2,5.44,,77.0,3,0,2,61.0,1,0,6.6,31.3,0
ECE,Tier3,8.59,71.2,89.0,0,0,0,40.0,1,2,7.6,56.5,1
CSE,Tier2,6.95,75.6,76.7,0,0,0,19.0,0,0,7.2,73.3,1
Civil,Tier3,7.83,95.9,69.1,0,1,3,43.0,2,0,6.5,43.9,1
ECE,Tier1,7.92,81.3,55.5,0,0,0,5.0,1,1,7.5,51.2,0
Mechanical,Tier2,8.67,72.9,86.5,0,1,5,82.0,4,0,5.3,88.1,1
ECE,Tier2,7.2,63.5,,1,1,0,44.0,1,1,6.9,60.5,1
CSE,Tier2,5.18,64.5,65.5,0,1,3,57.0,1,0,6.0,20.6,0
Mechanical,Tier3,7.36,75.2,59.8,0,1,1,34.0,5,1,9.3,49.0,1
ECE,Tier3,7.5,74.3,62.6,0,0,4,25.0,1,0,6.5,59.5,0
,Tier1,6.27,78.0,67.4,1,0,1,18.0,1,1,3.7,63.7,0
IT,Tier2,7.45,59.6,74.6,0,0,1,69.0,0,0,6.5,69.0,1
ECE,Tier2,6.94,79.2,64.9,0,1,4,28.0,2,0,4.3,,0
Mechanical,Tier2,5.96,89.2,78.9,2,0,1,32.0,3,0,7.3,53.4,0
ECE,Tier2,7.97,94.6,74.5,0,0,1,3.0,1,1,7.3,39.3,0
IT,Tier3,,62.9,99.0,0,1,4,217.0,2,2,4.9,40.4,1
EEE,Tier3,6.89,72.8,60.0,1,1,0,88.0,1,1,4.1,33.9,1
EEE,Tier1,6.84,72.3,78.6,0,1,3,38.0,1,0,6.2,61.6,0
Civil,Tier2,8.54,81.3,78.7,0,0,0,133.0,2,0,4.4,62.2,1
IT,Tier3,7.26,69.0,66.7,0,1,2,73.0,2,2,4.5,52.6,1
IT,Tier2,7.38,95.1,78.0,0,0,2,104.0,2,0,5.1,70.4,1
Mechanical,Tier1,6.86,80.4,84.7,0,2,3,56.0,0,0,7.1,55.8,0
ECE,Tier2,7.76,78.9,78.0,0,1,2,41.0,1,0,3.3,67.5,0
EEE,Tier2,8.65,94.3,90.8,0,0,2,23.0,0,1,4.6,67.3,1
ECE,Tier1,7.95,79.9,55.2,0,0,0,39.0,3,1,10.0,65.0,1
CSE,Tier3,7.99,83.6,68.6,0,1,1,26.0,2,1,9.5,42.4,0
EEE,Tier2,7.91,73.2,91.8,0,2,3,18.0,5,1,8.2,66.2,1
CSE,Tier2,5.92,67.7,86.1,3,0,1,188.0,1,1,6.1,50.3,0
CSE,Tier2,6.42,74.5,82.4,0,0,0,466.0,0,0,7.4,,1
ECE,Tier3,7.1,99.0,89.3,0,1,1,22.0,1,2,5.3,58.7,0
EEE,Tier1,6.57,85.7,57.8,0,1,1,33.0,2,0,1.1,63.3,0
Mechanical,Tier1,,82.5,85.0,0,3,4,32.0,1,0,5.0,45.0,1
CSE,Tier2,5.43,71.2,,2,0,3,116.0,1,0,5.1,33.1,0
CSE,Tier2,5.95,88.2,70.4,0,0,1,204.0,4,1,6.1,36.3,1
Civil,Tier2,7.04,67.8,99.0,2,0,3,43.0,1,0,6.9,33.5,0
CSE,Tier3,7.23,65.9,79.0,0,1,2,28.0,2,0,9.0,49.1,1
CSE,Tier2,6.51,75.0,55.1,0,0,4,59.0,2,0,6.1,54.6,0
,Tier1,7.38,97.6,80.8,0,0,1,128.0,2,0,4.2,72.7,0
ECE,Tier2,,97.1,69.8,0,0,1,29.0,0,2,5.6,39.7,0
Mechanical,Tier3,,75.9,88.6,0,1,3,30.0,2,3,7.2,61.3,0
EEE,Tier3,7.14,73.9,82.5,0,0,2,30.0,2,1,5.8,,0
EEE,Tier3,8.0,65.2,71.0,1,0,1,37.0,2,0,4.6,54.9,0
CSE,Tier2,7.5,,92.0,0,1,4,43.0,1,0,6.9,,1
IT,Tier3,5.9,81.5,86.4,1,4,6,185.0,1,0,3.9,32.4,0
ECE,Tier3,7.21,87.1,68.7,0,1,4,11.0,2,2,4.4,72.8,1
CSE,Tier2,6.06,88.2,75.5,1,1,3,126.0,1,2,6.7,57.4,0
CSE,Tier2,7.19,78.2,82.2,0,0,3,62.0,3,0,,54.4,1
IT,Tier3,6.55,85.0,73.4,0,2,6,102.0,0,2,5.4,53.3,1
CSE,Tier2,7.68,73.7,73.7,0,0,4,242.0,1,0,6.0,62.3,1
ECE,Tier3,5.96,84.8,77.4,2,0,5,95.0,3,1,5.9,39.4,0
EEE,Tier2,7.31,75.4,66.3,0,0,3,80.0,0,2,4.3,46.7,0
CSE,Tier2,7.87,84.1,,0,1,2,272.0,1,0,6.6,47.0,0
ECE,Tier1,8.21,83.4,79.4,0,1,5,167.0,1,1,4.3,58.1,1
Mechanical,Tier3,6.54,80.6,57.1,0,0,3,74.0,1,2,9.0,33.9,0
EEE,Tier3,7.32,87.2,67.1,0,0,3,56.0,3,0,5.3,43.6,1
Mechanical,Tier1,7.48,,59.3,0,2,0,17.0,0,3,7.1,58.5,1
IT,Tier2,8.85,70.4,60.5,0,2,2,158.0,1,0,7.3,55.0,1
Mechanical,Tier1,5.82,77.6,81.3,2,1,3,42.0,1,1,5.4,23.1,1
CSE,Tier1,6.39,67.0,,1,0,1,310.0,2,1,4.3,42.4,1
IT,Tier3,10.0,76.3,74.4,0,3,3,174.0,1,1,7.3,71.5,1
,Tier2,7.03,76.6,63.8,0,2,0,35.0,1,1,3.4,,1
ECE,Tier2,5.41,91.8,70.4,4,0,3,49.0,1,1,3.7,21.8,0
IT,Tier2,6.72,81.3,80.8,2,0,1,190.0,2,0,7.1,61.0,0
CSE,Tier3,4.53,89.3,76.5,2,0,1,104.0,1,1,5.6,34.7,0
,Tier2,7.54,82.7,85.2,2,1,2,164.0,1,1,4.7,56.8,0
IT,Tier3,8.11,75.2,86.7,0,1,3,170.0,1,0,5.1,68.1,0
CSE,Tier2,6.39,81.2,74.5,0,1,3,44.0,0,0,4.6,45.5,0
CSE,Tier1,6.83,86.6,58.5,2,0,2,41.0,3,1,9.9,26.2,0
IT,Tier3,8.22,90.7,69.4,1,1,2,51.0,1,0,7.8,77.2,1
IT,Tier1,5.55,78.8,76.0,1,2,1,65.0,3,0,4.5,16.3,0
IT,Tier3,5.98,65.2,69.2,0,0,4,100.0,2,0,5.4,40.9,0
CSE,Tier2,7.07,,66.5,0,0,0,130.0,2,0,7.1,65.9,0
EEE,Tier3,6.55,77.1,77.7,0,0,2,97.0,4,0,4.2,,0
Civil,Tier3,7.01,59.0,99.0,0,2,2,75.0,2,1,5.0,42.4,0
ECE,Tier3,6.04,96.2,72.1,1,2,5,30.0,0,0,5.5,42.6,0
ECE,Tier1,7.51,,77.0,0,0,1,30.0,0,2,4.4,50.4,0
Mechanical,Tier3,7.15,74.3,63.9,0,2,2,72.0,1,0,8.0,40.4,0
Civil,Tier3,7.85,70.0,89.4,1,1,2,26.0,1,0,4.7,46.6,0
ECE,Tier2,7.5,89.3,85.7,0,1,4,59.0,5,0,5.8,65.4,1
Mechanical,Tier2,7.51,70.0,85.1,0,0,2,10.0,2,0,6.2,46.2,1
Civil,Tier3,5.85,70.8,90.6,1,1,4,54.0,2,2,8.9,50.3,1
Mechanical,Tier1,7.79,73.1,72.7,0,3,3,48.0,3,1,5.8,43.0,1
ECE,Tier3,6.97,81.0,74.0,0,0,4,26.0,2,1,9.8,66.5,0
CSE,Tier3,7.13,85.6,94.1,0,2,1,31.0,2,1,5.3,61.9,1
CSE,Tier1,8.35,90.7,83.3,0,2,1,26.0,0,0,5.6,55.7,1
ECE,Tier2,6.58,89.4,54.8,0,0,2,46.0,3,0,7.7,55.6,0
ECE,Tier2,8.65,80.0,81.5,0,1,1,52.0,1,2,,76.5,1
IT,Tier2,,89.2,71.2,0,2,0,14.0,0,0,5.5,46.7,1
ECE,Tier3,8.05,74.0,86.0,0,0,3,5.0,1,3,8.2,42.6,0
ECE,Tier1,6.32,63.6,81.1,2,1,5,15.0,1,1,7.5,51.1,0
,Tier2,5.11,74.0,59.6,2,0,4,17.0,1,0,4.6,25.1,0
CSE,Tier3,8.38,72.7,79.7,0,3,1,53.0,0,1,6.0,38.3,1
CSE,Tier1,7.41,74.3,79.1,0,2,3,115.0,1,0,5.9,32.8,1
Mechanical,Tier3,,71.4,80.6,0,0,0,81.0,0,1,4.1,49.6,0
Mechanical,Tier1,8.47,75.9,82.8,1,4,3,82.0,2,1,6.3,32.9,1
,Tier2,,85.6,92.0,3,1,3,64.0,2,1,6.1,42.4,0
,Tier1,,95.4,81.1,0,0,1,79.0,1,1,6.7,10.0,1
Mechanical,Tier3,7.82,64.5,77.2,1,1,2,18.0,0,0,6.1,59.4,1
IT,Tier3,6.19,68.4,88.5,1,2,2,156.0,2,0,4.8,52.0,1
IT,Tier3,7.19,72.9,,0,0,1,171.0,1,0,10.0,48.4,1
CSE,Tier3,,86.9,86.2,1,1,4,21.0,3,1,6.4,71.1,0
ECE,Tier3,,78.2,79.1,0,0,1,98.0,4,1,8.3,62.1,0
Civil,Tier3,8.55,73.5,81.3,0,0,1,71.0,2,1,6.8,48.2,0
IT,Tier2,,86.5,79.6,1,3,1,59.0,0,0,8.7,46.6,1
ECE,Tier3,7.31,88.6,77.2,0,0,6,7.0,0,0,4.6,62.1,1
IT,Tier3,,79.8,98.7,3,0,7,113.0,2,0,5.8,48.0,0
CSE,Tier3,6.19,72.7,69.5,3,3,0,75.0,2,0,5.2,42.7,0
CSE,Tier2,8.06,82.4,,0,0,1,30.0,1,0,5.0,34.2,0
CSE,Tier2,5.75,77.9,75.7,2,1,0,99.0,3,1,6.5,54.9,0
Civil,Tier3,6.97,77.8,62.2,0,0,1,26.0,2,2,5.6,50.7,0
IT,Tier2,7.64,75.4,75.1,1,0,1,178.0,1,2,3.4,52.5,1
Mechanical,Tier2,8.77,88.3,71.5,1,0,4,5.0,1,1,5.5,24.8,1
EEE,Tier3,6.72,,82.8,1,0,3,76.0,1,2,5.3,55.0,1
CSE,Tier2,6.66,89.3,77.9,0,3,6,93.0,1,0,7.6,47.6,1
CSE,Tier1,7.25,92.0,66.8,0,2,0,157.0,1,1,3.4,44.8,0
Mechanical,Tier2,7.65,84.1,91.7,0,0,1,104.0,2,1,5.1,43.2,1
CSE,Tier2,7.15,,87.9,0,0,0,131.0,1,0,4.6,,1
Civil,Tier3,8.35,89.4,92.9,0,2,2,75.0,1,2,7.3,62.4,1
CSE,Tier3,6.5,84.2,79.4,0,1,3,24.0,1,1,5.0,42.9,0
EEE,Tier3,7.42,99.0,76.6,0,0,3,11.0,1,1,7.9,58.8,0
Mechanical,Tier3,7.75,82.8,84.0,0,2,3,30.0,2,1,5.9,39.9,0
,Tier3,6.9,86.3,71.2,0,0,1,56.0,0,1,6.9,41.7,0
CSE,Tier2,8.14,82.6,78.3,0,1,4,139.0,3,1,8.0,63.9,1
Civil,Tier3,7.45,79.1,75.2,0,0,1,56.0,1,2,3.8,47.4,1
CSE,Tier2,8.09,77.7,62.4,0,0,1,221.0,1,2,5.6,76.0,1
IT,Tier1,7.49,82.6,78.3,0,0,3,93.0,1,1,6.8,55.8,0
IT,Tier3,7.68,84.7,72.6,2,0,2,24.0,0,2,6.4,39.4,0
CSE,Tier3,6.67,90.4,74.6,0,0,2,222.0,3,0,3.7,29.5,0
Mechanical,Tier2,6.67,82.8,,0,1,3,86.0,0,1,7.3,57.8,0
,Tier3,8.52,75.8,89.7,1,0,3,30.0,2,3,6.1,50.3,1
IT,Tier2,7.94,77.1,68.5,2,2,2,219.0,3,1,6.2,65.7,1
,Tier2,,68.1,73.6,2,0,3,8.0,3,0,5.6,39.9,0
CSE,Tier2,7.48,95.0,69.3,0,0,5,80.0,0,2,1.0,55.3,0
CSE,Tier1,4.93,75.1,68.7,1,2,4,36.0,0,0,7.0,35.6,0
ECE,Tier2,6.73,88.7,71.1,1,2,1,74.0,2,0,7.1,51.7,0
Civil,Tier2,8.26,82.5,75.0,0,0,3,23.0,1,0,5.2,65.1,1
CSE,Tier2,7.17,82.7,82.9,1,0,1,202.0,2,0,3.3,51.1,1
CSE,Tier2,7.42,,80.2,0,0,1,33.0,5,1,5.0,60.0,1
ECE,Tier3,4.5,72.9,,1,0,5,146.0,3,0,7.8,17.1,0
Mechanical,Tier3,6.91,71.3,89.9,0,2,2,30.0,1,0,5.3,54.5,1
CSE,Tier3,7.64,95.6,86.4,1,1,1,68.0,2,0,6.0,53.5,0
IT,Tier1,7.77,81.0,68.0,0,2,2,176.0,2,0,5.4,50.7,1
EEE,Tier3,8.26,90.1,89.2,1,0,2,52.0,2,3,6.6,27.6,1
IT,Tier3,7.09,92.5,80.3,1,0,1,75.0,3,0,3.6,30.4,0
CSE,Tier2,7.13,76.3,75.4,0,1,0,66.0,0,1,,53.4,0
CSE,Tier1,5.97,83.8,80.6,3,2,3,292.0,0,0,8.0,49.1,1
IT,Tier2,7.1,80.4,76.7,0,0,0,89.0,1,0,4.3,55.4,0
ECE,Tier2,6.04,69.6,82.5,1,0,3,37.0,4,2,5.5,,1
Mechanical,Tier2,5.45,78.3,78.9,1,2,0,13.0,1,1,7.9,27.9,0
ECE,Tier2,6.21,85.3,73.6,2,0,1,100.0,2,0,,33.7,0
EEE,Tier2,8.81,75.5,56.7,0,1,3,18.0,1,1,6.8,33.7,0
Civil,Tier3,7.03,77.1,82.3,0,3,2,16.0,1,0,6.7,51.6,1
IT,Tier1,7.52,78.4,,1,1,0,192.0,1,1,6.7,75.5,1
IT,Tier2,6.79,99.0,84.8,0,0,0,2.0,3,2,5.6,47.8,1
Civil,Tier3,,63.5,81.8,1,0,0,44.0,2,0,8.0,33.4,0
CSE,Tier1,8.24,84.5,73.5,0,1,1,67.0,2,0,5.2,56.5,0
EEE,Tier2,,77.7,87.2,0,1,2,33.0,2,0,4.2,39.0,1
EEE,Tier2,6.75,74.2,79.0,1,0,1,18.0,1,1,,27.9,0
CSE,Tier1,7.25,77.5,78.6,1,2,2,56.0,0,0,4.9,54.3,1
ECE,Tier2,7.53,86.0,75.6,0,1,0,6.0,2,2,4.9,51.3,0
CSE,Tier1,6.57,86.5,93.8,0,3,2,176.0,1,0,4.7,45.8,1
CSE,Tier2,5.46,81.7,69.9,0,1,3,75.0,2,1,3.9,66.2,1
ECE,Tier3,6.5,89.8,73.8,1,0,1,81.0,1,2,6.7,46.3,0
IT,Tier3,6.55,91.4,64.6,1,3,5,397.0,7,1,4.3,69.6,1
Mechanical,Tier2,6.53,87.3,84.3,0,0,6,14.0,0,1,7.0,,1
Civil,Tier2,8.27,75.1,71.2,0,2,4,61.0,4,3,7.3,38.2,1
Mechanical,Tier2,6.09,84.4,72.3,3,0,4,16.0,0,1,10.0,35.7,0
CSE,Tier3,7.6,84.5,71.8,0,2,2,50.0,1,0,5.2,67.1,1
CSE,Tier3,7.46,72.7,77.6,1,0,1,88.0,1,0,5.7,43.2,0
CSE,Tier1,,65.9,64.5,1,1,3,354.0,1,0,4.7,39.2,1
CSE,Tier1,7.17,61.8,54.6,0,1,0,70.0,2,1,3.9,54.9,1
Civil,Tier2,8.09,80.6,81.6,0,0,1,34.0,1,0,5.2,50.9,0
IT,Tier3,7.13,82.7,55.9,1,0,0,111.0,2,1,4.6,57.5,0
,Tier3,7.73,69.4,85.5,1,0,6,85.0,2,0,3.9,45.6,0
Mechanical,Tier1,,89.4,92.6,4,1,6,14.0,1,0,6.4,,0
IT,Tier2,4.66,81.4,75.4,3,1,2,214.0,0,2,4.1,58.2,0
CSE,Tier1,7.68,92.1,90.0,0,0,0,64.0,2,1,7.0,43.4,1
CSE,Tier3,,83.3,76.8,0,2,0,23.0,3,0,,43.6,1
ECE,Tier3,7.78,70.4,93.0,0,1,6,48.0,2,1,4.4,59.4,1
Mechanical,Tier2,6.78,84.1,72.4,0,2,2,90.0,1,0,8.5,15.4,1
CSE,Tier1,8.79,86.0,53.4,0,2,2,45.0,0,0,6.7,67.7,1
Civil,Tier2,6.84,,76.2,1,0,0,30.0,0,1,5.9,70.7,0
Mechanical,Tier2,7.72,67.0,94.1,1,1,1,36.0,1,2,2.8,64.0,1
Mechanical,Tier3,7.89,80.9,,0,2,4,24.0,3,0,2.9,,1
CSE,Tier2,9.02,71.0,71.8,0,0,1,93.0,1,0,8.8,51.4,1
CSE,Tier3,6.98,90.1,80.3,0,1,3,285.0,1,0,8.4,50.7,1
Mechanical,Tier2,6.65,76.3,86.7,0,1,3,38.0,0,0,8.9,52.6,1
IT,Tier1,,95.5,76.1,0,1,2,139.0,1,1,9.3,63.4,1
ECE,Tier2,8.85,60.9,99.0,0,0,2,27.0,2,0,8.5,,1
EEE,Tier1,7.72,81.2,71.8,0,1,2,47.0,1,1,6.4,51.0,1
CSE,Tier2,7.75,92.9,87.0,0,0,4,128.0,0,3,7.0,47.4,1
Mechanical,Tier3,10.0,,84.6,1,2,3,67.0,1,0,4.8,55.6,1
Civil,Tier1,,78.6,70.0,0,1,1,25.0,1,2,6.4,,0
EEE,Tier1,6.0,76.4,,2,5,3,31.0,1,1,7.3,57.9,1
IT,Tier1,7.1,73.8,87.2,0,2,3,181.0,3,4,7.4,51.3,1
Mechanical,Tier1,6.33,82.2,78.4,3,4,4,27.0,0,1,5.8,46.6,1
,Tier3,6.9,68.3,80.4,1,0,2,14.0,2,1,2.3,74.9,0
EEE,Tier3,6.9,79.0,60.6,0,1,1,24.0,0,1,3.3,57.6,1
Mechanical,Tier1,6.71,84.6,,0,1,1,71.0,2,0,6.9,23.9,1
EEE,Tier3,5.91,78.1,79.9,2,1,0,78.0,1,1,5.1,44.1,1
IT,Tier3,8.89,71.0,76.4,0,2,1,154.0,2,0,7.2,61.9,0
CSE,Tier3,7.6,89.3,80.6,1,2,4,219.0,1,1,3.8,49.8,1
CSE,Tier2,7.07,,72.9,0,0,2,270.0,2,1,8.5,65.5,1
ECE,Tier2,8.06,70.6,71.1,0,0,3,64.0,3,0,4.3,51.3,0
ECE,Tier2,7.77,68.4,74.6,0,0,2,34.0,1,0,8.7,42.0,1
ECE,Tier3,7.58,71.4,72.4,0,1,1,10.0,2,0,3.2,44.4,0
,Tier3,7.98,84.9,98.8,1,0,4,32.0,2,1,7.1,63.0,1
Mechanical,Tier2,7.43,82.5,86.1,0,1,5,19.0,1,2,4.3,35.9,1
Civil,Tier2,7.97,87.1,67.3,0,3,5,81.0,1,2,6.0,48.9,0
CSE,Tier3,8.05,77.1,97.4,1,0,0,51.0,3,1,7.9,65.4,1
EEE,Tier3,7.46,71.7,72.7,0,3,4,20.0,2,0,7.6,36.0,1
EEE,Tier2,7.08,,77.3,0,1,1,22.0,1,0,4.5,38.0,1
ECE,Tier3,8.83,75.0,86.0,0,2,1,37.0,1,0,4.9,38.8,0
CSE,Tier2,6.82,81.7,57.3,1,0,2,119.0,4,0,3.2,38.4,0
Mechanical,Tier2,7.69,66.1,74.6,1,0,3,47.0,1,0,2.8,47.2,0
Civil,Tier2,7.71,,71.3,0,0,3,23.0,2,1,4.5,50.7,0
EEE,Tier3,6.69,89.1,79.1,0,0,1,77.0,1,0,4.5,37.5,0
,Tier3,6.49,73.6,80.7,0,0,0,35.0,2,0,3.3,42.9,0
Civil,Tier2,6.95,87.3,,0,0,1,69.0,2,1,5.6,61.5,0
IT,Tier2,6.81,59.0,75.8,1,2,4,98.0,1,1,5.9,53.0,1
ECE,Tier2,,75.0,87.7,1,0,1,22.0,1,0,6.0,69.8,0
ECE,Tier1,6.65,78.5,80.0,0,2,3,28.0,1,1,4.6,40.2,1
Civil,Tier2,,95.7,77.4,0,2,4,18.0,1,0,5.0,47.4,1
CSE,Tier1,8.57,69.5,,0,2,1,22.0,1,1,5.4,59.7,1
,Tier2,7.85,86.0,,0,0,3,107.0,2,2,7.5,48.1,1
Mechanical,Tier1,4.7,89.5,78.7,4,4,4,16.0,5,2,4.8,38.2,0
IT,Tier2,7.94,73.5,71.9,0,0,3,28.0,0,1,3.0,31.7,0
Mechanical,Tier3,,76.6,57.9,0,1,2,67.0,0,2,5.4,44.3,0
IT,Tier2,7.75,81.3,62.7,1,2,1,229.0,1,0,5.2,64.3,1
Civil,Tier3,7.29,66.7,72.3,0,0,2,20.0,1,1,3.1,74.3,0
Mechanical,Tier3,7.11,75.9,75.9,2,1,1,253.0,1,1,5.3,67.9,0
IT,Tier2,7.2,91.5,71.4,1,0,1,164.0,1,1,4.4,52.5,1
,Tier1,7.28,84.7,80.5,0,1,1,42.0,1,1,5.9,57.2,1
IT,Tier2,8.64,78.6,71.3,0,0,3,14.0,0,2,6.8,62.2,1
ECE,Tier2,7.28,81.0,67.9,1,1,1,55.0,2,1,5.0,44.8,1
EEE,Tier2,8.39,85.2,,1,0,1,14.0,1,0,6.9,45.4,0
Mechanical,Tier1,8.24,87.0,90.7,0,1,3,16.0,0,1,5.4,59.2,1
CSE,Tier2,7.97,75.0,65.9,0,0,3,148.0,2,1,5.5,53.5,1
CSE,Tier2,5.51,93.8,79.4,4,1,3,334.0,2,0,5.4,52.6,0
EEE,Tier2,8.42,91.8,57.9,1,2,3,44.0,1,1,5.7,28.5,1
ECE,Tier3,6.84,86.1,62.3,0,0,1,76.0,1,0,,47.1,1
ECE,Tier1,8.02,72.4,71.1,0,2,2,132.0,1,2,,69.6,1
CSE,Tier2,,70.8,88.3,2,2,5,22.0,3,1,8.0,53.6,1
IT,Tier3,6.11,77.1,69.2,1,0,1,149.0,2,0,6.4,33.8,1
Mechanical,Tier2,9.28,80.5,68.8,1,2,2,94.0,3,2,5.0,45.7,0
CSE,Tier3,6.34,64.1,77.4,2,1,4,209.0,1,0,7.9,46.2,0
,Tier2,8.45,84.5,77.4,1,1,5,222.0,1,0,10.0,66.7,1
Civil,Tier2,7.42,91.6,69.1,1,0,2,25.0,5,0,3.3,58.3,1
CSE,Tier3,6.88,85.2,96.9,0,1,2,122.0,3,1,5.9,50.8,1
EEE,Tier2,7.26,73.9,74.3,0,0,5,94.0,3,1,7.2,59.0,1
,Tier2,6.0,72.9,78.1,1,0,1,145.0,1,1,3.1,48.1,0
Mechanical,Tier3,7.29,82.7,73.0,0,1,1,12.0,0,3,3.3,58.6,0
,Tier3,6.22,78.6,81.4,0,1,1,15.0,2,2,7.7,57.3,0
Mechanical,Tier3,6.9,,89.3,0,1,4,86.0,3,1,5.9,44.2,1
CSE,Tier1,8.23,85.4,93.6,0,4,4,4.0,1,1,4.8,45.5,1
ECE,Tier1,7.55,89.8,69.4,1,4,6,61.0,2,1,3.0,61.5,1
Mechanical,Tier3,5.82,69.8,88.0,0,0,2,70.0,1,0,6.6,38.0,0
CSE,Tier2,8.15,82.0,82.5,0,1,3,133.0,4,0,3.5,32.4,0
CSE,Tier2,7.29,76.7,86.7,0,0,3,175.0,2,1,4.2,68.6,1
CSE,Tier3,6.76,79.1,76.1,0,1,4,173.0,1,1,4.3,51.8,1
Civil,Tier2,8.05,87.8,75.1,1,1,1,3.0,0,0,5.4,57.7,0
EEE,Tier1,7.13,88.8,86.4,0,2,2,6.0,0,0,4.0,48.4,1
ECE,Tier1,6.13,92.6,86.5,1,2,1,20.0,3,1,4.3,55.7,1
EEE,Tier2,9.15,83.8,92.7,1,1,3,53.0,0,1,7.7,45.3,1
ECE,Tier3,7.28,79.0,79.0,0,1,4,49.0,2,0,6.3,51.5,1
ECE,Tier3,7.22,77.7,75.9,0,0,2,15.0,0,0,6.0,54.5,1
IT,Tier1,6.89,64.4,52.4,1,2,2,245.0,2,0,6.8,56.1,0
ECE,Tier1,8.48,92.1,60.9,0,1,2,156.0,2,0,4.1,36.9,1
CSE,Tier2,6.78,77.1,73.1,1,0,2,173.0,2,0,6.7,56.0,1
Mechanical,Tier2,5.76,84.6,66.0,3,1,1,48.0,2,1,6.8,38.8,0
Mechanical,Tier2,6.62,86.1,85.1,1,1,4,54.0,1,0,4.2,40.3,0
IT,Tier3,8.63,,63.9,1,0,1,56.0,0,1,7.1,39.4,1
ECE,Tier2,8.13,71.7,72.0,0,0,1,12.0,4,2,6.4,82.5,1
CSE,Tier2,7.04,93.9,72.4,0,1,2,194.0,3,2,,48.7,1
Civil,Tier3,8.67,82.6,89.0,0,1,5,69.0,1,0,,61.3,1
Civil,Tier1,8.05,74.8,70.9,1,2,1,78.0,2,0,6.2,42.6,0
Civil,Tier3,7.03,78.9,81.5,0,3,3,51.0,3,1,4.3,31.8,0
,Tier2,7.13,89.8,79.0,2,1,2,27.0,2,2,6.2,60.4,1
CSE,Tier2,7.63,88.4,,0,1,1,25.0,0,0,6.0,36.9,1
CSE,Tier3,6.47,66.8,85.5,2,0,2,39.0,2,0,4.0,63.0,0
CSE,Tier2,7.3,94.7,76.7,1,1,2,269.0,2,0,2.4,73.1,0
CSE,Tier2,7.61,88.7,60.0,1,1,2,23.0,2,2,5.9,43.7,1
CSE,Tier2,5.61,78.6,74.7,1,0,2,86.0,0,0,7.7,37.5,1
Civil,Tier3,7.11,,76.8,0,1,1,24.0,2,1,7.7,20.0,0
CSE,Tier2,7.0,89.5,,0,1,2,26.0,0,1,6.5,29.1,0
CSE,Tier2,8.33,84.3,69.6,0,0,3,141.0,1,1,8.8,64.2,1
Mechanical,Tier3,5.46,,88.4,1,0,2,110.0,1,1,6.3,57.3,0
ECE,Tier3,6.92,77.9,77.1,0,0,3,37.0,2,1,5.6,40.2,0
Mechanical,Tier2,6.82,99.0,67.8,0,0,1,7.0,0,1,6.4,41.5,0
ECE,Tier1,8.26,80.1,72.4,0,1,2,30.0,1,0,4.7,37.3,0
Mechanical,Tier2,7.26,73.3,96.3,0,2,2,23.0,2,0,,37.7,1
ECE,Tier1,9.1,70.9,83.6,0,0,1,30.0,3,2,4.2,76.4,1
ECE,Tier1,7.96,95.9,87.5,0,0,1,33.0,1,0,5.1,58.5,1
,Tier2,6.89,87.6,66.6,0,0,3,123.0,7,0,7.6,27.9,1
IT,Tier1,7.54,92.7,70.1,1,2,1,135.0,2,3,3.4,59.5,1
IT,Tier2,6.95,82.2,70.2,0,0,1,133.0,2,1,4.2,78.2,1
ECE,Tier3,8.16,91.3,78.8,2,1,1,23.0,1,0,7.4,51.1,1
CSE,Tier2,5.97,72.4,75.3,4,0,1,190.0,1,1,5.4,36.8,0
Mechanical,Tier3,6.48,81.5,72.1,0,0,0,83.0,2,0,5.6,54.4,0
CSE,Tier3,7.76,82.6,73.4,1,0,2,155.0,1,2,5.3,65.9,1
CSE,Tier2,8.53,92.4,69.1,0,0,3,144.0,1,1,9.5,67.5,1
CSE,Tier3,,82.9,75.2,0,1,2,25.0,2,0,7.0,36.7,0
Mechanical,Tier3,8.67,74.4,88.1,0,1,0,52.0,4,0,6.5,53.3,1
IT,Tier2,7.16,80.6,61.9,0,0,2,258.0,0,1,6.4,30.1,1
EEE,Tier3,5.42,,80.5,3,1,2,54.0,1,1,6.7,27.3,0
Mechanical,Tier1,4.5,59.1,90.8,2,1,1,69.0,1,0,9.3,41.8,0
CSE,Tier3,5.77,87.5,75.2,4,1,2,75.0,5,0,5.3,37.4,0
EEE,Tier2,7.28,76.6,71.7,0,1,2,21.0,1,2,6.3,54.4,0
,Tier1,7.23,77.6,86.2,0,3,3,34.0,0,1,6.1,48.3,1
CSE,Tier2,7.93,87.5,67.2,0,1,2,229.0,1,0,7.6,55.4,1
EEE,Tier3,6.75,92.6,76.8,1,2,1,35.0,1,0,9.1,49.0,0
Civil,Tier2,6.19,84.8,66.6,2,0,0,83.0,3,0,4.9,54.9,0
IT,Tier1,6.89,97.4,58.3,0,3,1,67.0,3,3,6.8,59.6,1
ECE,Tier1,7.33,84.5,75.5,0,1,0,87.0,0,1,6.3,51.5,0
IT,Tier2,7.53,82.7,64.4,1,0,0,104.0,2,0,3.5,50.2,0
ECE,Tier3,,82.2,76.9,0,0,1,30.0,1,0,7.7,47.1,1
ECE,Tier3,,68.4,88.2,1,1,1,30.0,2,0,8.8,46.6,0
ECE,Tier2,6.68,88.6,95.5,0,2,1,74.0,2,0,7.5,61.4,0
ECE,Tier2,6.43,58.0,77.9,1,1,5,54.0,1,0,4.9,40.4,0
CSE,Tier1,6.76,74.7,87.2,0,1,3,186.0,1,1,,46.9,1
EEE,Tier2,8.37,80.2,81.0,0,1,2,102.0,2,1,7.2,59.0,1
EEE,Tier3,7.17,72.9,73.2,0,1,2,33.0,2,0,4.1,54.6,1
EEE,Tier3,6.61,75.9,,0,0,1,63.0,0,0,4.2,51.3,0
CSE,Tier2,8.23,96.6,,1,1,5,93.0,1,1,6.4,54.5,0
IT,Tier2,9.44,89.9,66.5,1,0,2,70.0,3,2,7.3,82.0,1
IT,Tier2,7.51,73.8,90.8,0,0,2,136.0,3,3,5.4,53.5,1
CSE,Tier2,,75.8,82.4,0,0,2,24.0,3,1,5.6,54.7,1
CSE,Tier2,8.34,68.5,67.2,0,0,2,200.0,2,0,5.8,,1
IT,Tier3,6.69,86.3,80.1,0,1,0,125.0,2,0,4.4,39.1,0
EEE,Tier2,7.33,77.8,98.3,1,1,1,22.0,1,0,5.3,73.2,1
CSE,Tier3,6.02,62.3,92.4,1,0,2,127.0,1,3,3.1,21.1,0
Mechanical,Tier2,7.1,,71.9,1,3,1,7.0,0,0,7.3,45.7,1
ECE,Tier1,6.67,84.0,69.9,0,4,2,13.0,2,0,10.0,28.3,1
EEE,Tier2,6.9,88.7,78.0,0,0,1,13.0,1,1,6.1,33.1,0
ECE,Tier2,6.55,79.3,75.3,0,0,3,12.0,5,1,8.1,53.2,0
ECE,Tier2,7.01,76.6,89.0,0,0,0,34.0,5,0,5.5,53.5,0
ECE,Tier2,,97.9,84.4,1,0,3,51.0,1,0,3.6,46.9,0
,Tier3,7.18,80.1,60.1,0,0,2,196.0,3,0,10.0,70.5,1
ECE,Tier2,5.44,86.5,81.6,2,0,0,89.0,1,2,4.5,55.8,0
ECE,Tier3,6.55,75.1,75.2,0,1,3,5.0,2,0,7.7,47.2,0
ECE,Tier3,5.78,86.2,77.4,2,1,1,125.0,3,1,6.4,22.2,0
EEE,Tier2,7.54,66.9,79.5,0,2,3,22.0,1,0,8.1,64.2,0
CSE,Tier2,7.8,75.8,89.0,2,1,3,148.0,1,1,5.9,48.2,0
ECE,Tier1,7.56,69.1,86.8,1,3,4,35.0,2,2,3.9,56.3,1
,Tier2,6.51,74.6,69.5,1,0,3,130.0,2,0,4.8,57.1,0
Civil,Tier3,7.55,91.3,76.4,0,3,2,83.0,1,0,10.0,47.9,1
ECE,Tier3,6.83,74.5,72.5,1,0,3,118.0,2,1,6.6,64.5,0
ECE,Tier2,6.16,86.5,60.2,2,3,2,62.0,0,2,9.9,41.3,0
Civil,Tier2,8.04,93.7,75.9,0,3,4,27.0,1,0,5.3,61.7,1
ECE,Tier3,8.12,79.8,95.4,0,0,2,69.0,3,0,7.3,64.7,1
CSE,Tier3,8.25,88.9,59.9,0,1,0,255.0,1,0,3.7,67.2,1
CSE,Tier2,6.69,84.8,76.8,0,0,0,48.0,4,2,6.1,69.4,1
CSE,Tier3,8.48,81.0,76.4,0,0,2,140.0,3,0,10.0,47.5,1
CSE,Tier1,6.81,86.8,79.9,0,1,3,192.0,0,0,4.6,35.4,0
IT,Tier1,7.95,96.6,67.4,1,3,6,62.0,2,0,4.8,50.9,1
EEE,Tier1,6.79,74.3,62.7,0,1,1,30.0,2,2,7.5,85.5,0
EEE,Tier1,7.08,71.4,63.2,0,1,1,37.0,0,1,6.2,66.6,1
CSE,Tier3,,70.8,90.3,0,1,2,141.0,2,2,9.4,32.8,0
ECE,Tier2,7.0,88.9,67.2,0,0,3,42.0,1,2,5.6,45.8,1
CSE,Tier2,7.39,90.2,72.0,0,1,2,113.0,1,1,6.1,51.8,1
Civil,Tier2,6.89,75.2,98.0,0,0,3,140.0,1,0,6.6,52.7,1
CSE,Tier2,9.06,60.8,69.7,0,1,1,101.0,2,2,4.1,68.0,1
ECE,Tier2,6.14,73.9,80.4,2,0,4,112.0,2,0,3.7,53.9,0
IT,Tier1,6.74,84.9,87.6,0,4,4,457.0,3,0,3.5,63.0,1
ECE,Tier3,6.4,79.4,87.2,3,1,0,21.0,0,0,1.0,71.0,0
IT,Tier1,6.74,81.6,63.7,0,0,2,213.0,2,1,5.8,47.1,1
EEE,Tier3,8.33,75.3,69.9,0,0,1,28.0,1,0,3.7,54.1,0
CSE,Tier2,8.78,89.1,80.0,0,1,2,206.0,1,1,5.0,54.5,1
Civil,Tier3,6.6,83.1,96.3,0,0,1,28.0,1,2,,44.7,0
,Tier3,6.58,85.3,69.4,0,0,0,4.0,4,0,,52.3,1
EEE,Tier1,6.14,81.4,72.1,1,1,6,74.0,5,1,7.2,53.3,1
Mechanical,Tier1,8.61,84.7,81.2,0,1,1,46.0,3,1,3.2,78.7,1
Civil,Tier3,8.42,84.1,83.2,0,1,2,105.0,3,0,4.8,48.6,0
CSE,Tier2,7.19,71.6,83.8,0,0,1,68.0,0,1,9.1,55.3,0
IT,Tier3,5.9,83.4,68.5,1,1,3,100.0,0,2,5.2,34.4,0
CSE,Tier1,5.99,87.1,71.7,2,0,4,65.0,1,0,8.3,49.8,0
CSE,Tier2,7.47,90.4,79.2,0,1,2,32.0,1,2,10.0,84.4,1
ECE,Tier2,7.85,83.7,89.6,0,0,0,55.0,0,0,5.2,52.6,0
Civil,Tier3,5.23,71.3,74.6,0,1,1,40.0,1,1,4.8,70.6,0
Civil,Tier2,6.98,72.7,76.8,0,1,3,6.0,2,3,2.1,39.9,1
ECE,Tier3,8.92,76.1,66.7,1,2,2,107.0,2,1,6.5,54.1,1
ECE,Tier3,7.08,81.7,95.6,0,0,0,44.0,3,0,6.7,46.3,0
Mechanical,Tier1,8.79,78.9,78.5,1,1,1,25.0,1,1,7.4,61.0,1
Civil,Tier2,7.95,69.9,87.8,0,0,4,74.0,3,2,8.5,52.9,1
CSE,Tier2,6.22,69.8,77.3,3,0,1,226.0,0,0,4.2,55.2,0
ECE,Tier2,7.01,61.1,77.9,1,3,1,14.0,2,0,9.4,17.1,1
Mechanical,Tier3,7.17,51.9,62.0,1,4,7,12.0,1,0,5.5,39.1,1
IT,Tier2,6.35,78.8,55.5,3,2,3,75.0,1,2,6.7,69.5,1
IT,Tier2,6.33,99.0,89.5,0,0,4,144.0,3,2,5.9,29.8,0
Civil,Tier3,8.81,96.2,77.8,0,0,1,121.0,0,0,4.6,54.8,1
Civil,Tier2,6.32,71.2,79.1,1,0,0,2.0,1,0,3.8,54.0,0
Civil,Tier2,8.38,81.3,64.5,1,1,3,146.0,1,2,6.4,56.3,1
Mechanical,Tier2,6.86,66.8,68.0,1,1,3,48.0,2,1,4.3,39.1,0
CSE,Tier2,7.27,68.2,87.6,1,0,1,255.0,3,0,,,0
IT,Tier3,7.86,69.2,94.4,2,0,0,242.0,2,0,5.3,64.3,0
ECE,Tier2,6.7,78.0,70.8,0,0,2,40.0,1,1,5.3,41.3,0
ECE,Tier2,7.87,78.4,83.7,1,0,1,30.0,4,1,2.8,59.2,1
ECE,Tier1,5.25,82.3,78.9,6,2,4,61.0,2,0,1.0,51.6,0
ECE,Tier2,7.74,86.0,75.8,0,0,4,49.0,2,1,7.5,66.7,1
IT,Tier3,4.83,77.0,95.5,0,1,3,60.0,0,1,8.0,43.6,0
EEE,Tier2,7.07,80.3,72.5,0,1,2,40.0,2,0,1.4,70.9,1
IT,Tier3,8.15,70.2,89.4,1,1,2,80.0,3,1,6.8,56.3,1
IT,Tier3,7.92,67.9,80.8,0,2,0,108.0,2,0,6.4,42.8,0
,Tier1,6.0,66.5,76.8,1,1,4,226.0,1,0,3.6,42.4,1
CSE,Tier3,6.13,85.8,90.7,2,0,4,80.0,2,1,7.6,60.2,1
Mechanical,Tier2,6.61,77.0,79.9,0,1,1,53.0,1,0,8.0,37.3,0
IT,Tier3,7.49,63.2,76.0,0,0,2,99.0,2,1,7.9,25.5,1
CSE,Tier2,5.27,79.4,90.8,3,0,2,98.0,1,0,9.1,46.9,1
EEE,Tier2,7.29,,89.5,0,2,1,35.0,2,0,,46.1,0
ECE,Tier2,,94.9,89.0,0,1,2,62.0,1,0,4.5,80.0,1
CSE,Tier2,7.02,74.8,45.0,0,1,1,6.0,1,1,6.0,53.3,1
IT,Tier3,7.83,86.1,81.4,0,1,4,157.0,0,0,6.7,69.0,1
CSE,Tier2,7.52,89.8,79.1,0,3,3,125.0,1,0,8.7,,1
EEE,Tier2,6.76,71.4,76.7,0,0,2,48.0,3,0,5.5,55.9,1
CSE,Tier2,5.36,80.7,83.1,1,1,3,174.0,1,0,4.9,46.3,1
CSE,Tier3,7.43,85.0,79.6,1,1,2,19.0,2,0,3.0,68.7,0
CSE,Tier3,6.35,81.0,83.8,1,0,2,220.0,0,0,7.6,49.0,1
ECE,Tier2,6.72,83.2,74.3,0,0,4,34.0,1,1,6.4,42.3,0
CSE,Tier2,7.78,68.0,,0,0,1,81.0,2,0,4.4,66.4,1
Mechanical,Tier1,8.72,85.0,84.8,2,4,2,20.0,2,1,7.4,50.0,0
CSE,Tier3,7.26,75.6,82.4,0,0,3,55.0,1,0,,41.5,1
ECE,Tier3,7.85,83.1,81.9,0,0,3,7.0,0,0,3.6,53.7,1
IT,Tier2,5.86,88.3,88.6,1,0,2,112.0,2,0,8.4,40.4,0
IT,Tier3,7.55,86.0,87.2,0,1,3,67.0,2,0,2.3,52.9,0
CSE,Tier1,7.24,83.1,75.9,2,2,3,196.0,2,0,6.3,43.2,1
Mechanical,Tier3,8.53,85.8,86.9,0,0,3,55.0,1,0,5.8,71.1,1
Mechanical,Tier2,6.76,86.2,78.7,0,1,1,49.0,2,0,3.1,62.1,0
CSE,Tier1,7.06,93.5,96.2,0,3,2,74.0,2,0,6.6,60.3,1
,Tier2,8.36,79.7,88.0,0,1,7,90.0,0,2,4.8,65.6,1
Civil,Tier2,7.21,81.5,70.7,1,1,1,118.0,1,0,9.0,28.9,0
ECE,Tier3,6.19,88.4,99.0,3,1,1,29.0,1,1,7.8,47.4,0
CSE,Tier2,,75.6,56.0,0,1,0,5.0,2,0,6.4,74.6,1
CSE,Tier3,6.22,68.0,83.4,0,0,2,87.0,0,2,1.5,62.2,0
EEE,Tier3,7.24,84.4,70.0,0,0,2,17.0,0,0,5.0,48.7,0
EEE,Tier3,7.65,78.1,95.8,0,1,3,33.0,3,0,4.9,68.9,0
ECE,Tier3,7.57,69.1,79.5,0,0,5,43.0,2,1,8.2,56.5,1
Civil,Tier2,7.11,84.5,69.1,1,1,0,18.0,2,1,6.3,19.6,0
ECE,Tier2,7.12,92.9,74.3,0,0,1,7.0,2,0,6.6,49.4,0
IT,Tier1,7.07,65.3,69.9,0,3,2,89.0,2,1,7.8,40.2,1
ECE,Tier2,6.18,89.2,73.9,2,2,1,107.0,1,1,8.9,38.6,0
IT,Tier3,,57.2,73.7,0,0,0,103.0,1,1,8.6,74.9,1
CSE,Tier2,7.08,76.4,69.5,0,0,1,128.0,1,1,7.0,54.0,0
CSE,Tier2,7.9,96.6,79.7,0,1,3,78.0,0,2,5.5,48.3,1
IT,Tier2,6.97,77.0,80.9,0,1,2,146.0,0,2,6.8,41.7,1
EEE,Tier2,6.95,80.8,67.0,0,1,0,70.0,2,2,5.9,55.0,0
CSE,Tier3,6.84,86.9,60.4,0,2,2,234.0,2,0,7.4,47.0,1
IT,Tier2,5.75,,80.1,4,1,4,283.0,0,0,5.0,52.1,0
ECE,Tier3,7.14,80.6,82.3,0,0,2,54.0,1,2,7.6,40.8,0
ECE,Tier3,6.89,80.6,84.3,0,0,0,95.0,0,2,6.1,44.9,1
Mechanical,Tier3,8.47,96.8,82.5,0,0,4,79.0,1,1,6.7,43.9,1
Mechanical,Tier2,6.1,68.9,92.7,0,0,3,59.0,1,0,3.8,38.9,1
EEE,Tier3,6.72,76.6,87.0,1,1,2,40.0,5,0,5.5,74.7,0
CSE,Tier1,,71.6,99.0,2,3,4,11.0,2,0,6.8,38.2,1
ECE,Tier2,8.74,70.7,99.0,0,0,1,160.0,0,0,5.7,53.0,1
ECE,Tier3,6.43,90.1,59.4,3,0,1,45.0,3,2,1.8,37.3,0
CSE,Tier3,7.86,80.2,55.0,0,2,1,71.0,0,1,3.8,52.1,0
CSE,Tier1,8.27,75.0,76.9,0,0,1,72.0,0,0,6.6,55.5,1
CSE,Tier3,7.15,75.3,82.0,0,1,3,174.0,2,0,8.7,65.4,1
ECE,Tier1,5.92,74.9,76.2,1,1,2,14.0,4,0,,39.7,1
IT,Tier2,5.94,75.7,84.0,1,0,2,267.0,2,1,5.1,46.0,0
CSE,Tier3,8.16,68.6,74.3,1,2,1,133.0,2,0,7.9,33.3,1
Mechanical,Tier2,6.04,77.7,70.1,1,1,5,24.0,3,0,6.0,34.8,1
Civil,Tier3,7.69,76.8,71.6,0,2,6,63.0,2,1,7.3,66.5,0
CSE,Tier2,7.41,73.2,75.0,0,0,2,185.0,2,2,5.5,41.8,1
Civil,Tier3,7.68,81.4,85.4,0,0,1,23.0,1,0,5.3,62.6,0
CSE,Tier3,7.77,82.2,72.1,0,1,0,153.0,1,2,,42.8,1
Civil,Tier3,6.37,75.0,74.1,1,0,3,31.0,0,0,7.2,44.8,0
Civil,Tier2,6.32,78.7,82.7,2,1,3,32.0,3,0,5.4,67.2,0
CSE,Tier3,8.01,99.0,75.0,1,0,0,87.0,0,2,4.0,64.0,0
EEE,Tier2,6.67,99.0,88.2,0,1,3,2.0,2,0,3.0,24.9,0
Civil,Tier3,,70.5,67.8,1,0,3,88.0,1,0,3.2,76.4,0
Civil,Tier2,7.95,71.8,65.6,1,0,2,33.0,3,1,4.9,,0
Civil,Tier2,6.26,70.5,80.0,2,1,2,32.0,1,0,6.6,68.7,0
ECE,Tier3,7.77,,81.0,2,0,2,97.0,1,1,3.0,48.5,0
CSE,Tier2,8.69,76.4,68.4,0,0,2,142.0,2,1,3.1,43.7,0
Mechanical,Tier2,7.32,82.2,90.4,1,0,3,21.0,1,1,6.7,46.2,0
ECE,Tier3,8.3,98.0,,0,0,3,51.0,1,0,8.8,48.6,1
ECE,Tier1,7.45,79.9,70.7,0,0,2,58.0,0,2,8.0,45.7,1
IT,Tier1,8.89,86.4,91.9,0,0,3,91.0,0,1,2.7,60.2,1
ECE,Tier2,6.24,84.7,53.2,3,1,2,132.0,4,1,6.7,51.9,0
CSE,Tier2,7.29,74.7,87.8,0,0,2,88.0,2,0,7.7,68.5,1
EEE,Tier2,7.97,89.5,68.4,0,1,4,42.0,0,0,5.1,57.4,1
,Tier1,7.11,72.4,86.8,0,2,4,107.0,1,2,5.6,51.5,1
EEE,Tier2,8.45,,67.4,0,1,1,71.0,1,1,6.6,48.6,1
Mechanical,Tier2,6.87,74.7,76.3,0,1,3,19.0,1,0,6.9,46.0,1
ECE,Tier1,9.37,,68.9,0,0,3,77.0,1,0,6.7,55.8,1
ECE,Tier3,9.42,70.2,74.9,0,1,2,170.0,2,0,7.3,45.6,1
IT,Tier3,7.58,71.7,95.3,0,1,1,27.0,1,1,6.4,83.5,0
Civil,Tier1,7.85,76.2,75.9,0,2,4,20.0,1,1,4.9,57.2,1
EEE,Tier2,8.49,58.1,98.1,0,1,4,9.0,2,0,5.2,60.5,0
IT,Tier3,6.11,77.9,73.1,2,0,3,9.0,3,0,4.6,60.2,0
CSE,Tier2,5.99,75.4,91.9,3,1,2,49.0,0,1,5.2,14.0,1
,Tier2,8.56,87.1,60.7,0,1,2,52.0,2,0,7.0,84.6,0
ECE,Tier2,7.57,83.8,74.1,0,0,1,74.0,2,0,4.6,42.6,1
Civil,Tier2,7.07,73.6,71.6,0,0,1,95.0,3,1,7.9,39.8,0
EEE,Tier3,7.31,75.9,92.4,0,1,0,51.0,2,1,4.2,45.0,0
CSE,Tier3,4.91,77.9,78.9,1,0,4,218.0,0,0,6.4,51.4,1
Mechanical,Tier3,7.11,,56.1,0,1,0,70.0,1,1,7.5,76.3,1
IT,Tier2,6.55,72.6,63.9,1,1,1,62.0,1,0,6.8,67.4,1
Mechanical,Tier2,8.22,73.5,66.9,1,0,1,56.0,4,1,2.7,50.3,0
CSE,Tier1,8.3,69.8,86.3,0,1,3,43.0,4,0,6.2,34.9,1
ECE,Tier2,7.88,66.7,85.1,0,1,2,42.0,1,0,4.7,49.4,1
Civil,Tier2,7.7,82.8,74.0,0,1,2,49.0,0,1,3.6,45.8,0
CSE,Tier3,5.8,81.8,71.5,2,1,2,160.0,0,3,6.4,24.3,0
EEE,Tier1,7.89,91.5,84.2,1,1,5,123.0,3,2,3.8,61.4,1
Civil,Tier3,7.93,89.4,65.7,0,2,2,13.0,1,1,6.4,54.7,1
CSE,Tier1,8.55,,81.6,0,1,1,102.0,0,0,8.6,63.7,1
CSE,Tier1,9.42,79.3,80.7,0,0,0,270.0,1,1,6.5,70.9,1
EEE,Tier3,5.61,77.7,74.3,2,0,0,23.0,1,0,5.6,51.3,0
IT,Tier3,6.91,68.3,81.0,0,0,6,45.0,1,0,5.7,48.8,1
CSE,Tier2,6.56,86.3,78.0,0,0,5,172.0,1,1,,67.5,1
ECE,Tier2,7.47,81.1,,1,0,2,61.0,1,3,5.4,46.5,0
EEE,Tier2,7.31,85.9,63.7,0,1,2,9.0,0,0,5.2,43.9,1
,Tier1,7.07,69.7,83.1,0,2,1,66.0,0,2,4.3,47.5,0
IT,Tier2,8.33,83.2,87.3,0,0,0,38.0,4,1,4.4,63.1,0
Mechanical,Tier2,6.2,81.8,80.2,0,1,1,15.0,3,1,7.6,54.2,0
ECE,Tier3,6.26,81.3,83.0,1,2,0,58.0,5,0,5.1,42.2,0
Mechanical,Tier2,6.28,73.9,75.9,0,1,0,58.0,1,1,7.0,42.5,0
IT,Tier3,6.94,90.7,85.9,0,0,2,102.0,2,0,7.1,65.4,0
Civil,Tier3,6.07,98.5,77.7,1,0,1,13.0,2,2,4.3,29.7,0
EEE,Tier1,7.25,70.0,65.5,0,1,0,16.0,2,0,4.6,84.2,1
CSE,Tier1,7.13,86.5,85.2,0,1,1,136.0,1,0,7.0,47.1,1
Mechanical,Tier2,6.51,54.1,60.7,0,0,3,10.0,3,0,6.3,45.1,0
ECE,Tier3,8.17,86.0,79.8,1,0,4,6.0,2,0,5.7,60.3,1
CSE,Tier3,7.24,63.2,73.2,0,0,3,70.0,2,0,6.8,57.6,0
,Tier3,8.36,75.3,72.5,0,1,2,102.0,2,0,7.8,49.0,1
EEE,Tier2,7.1,68.2,78.7,0,2,1,7.0,1,0,5.9,54.6,0
CSE,Tier2,7.28,78.1,69.9,0,0,1,141.0,2,0,5.0,40.2,0
IT,Tier2,6.74,87.5,82.1,1,3,2,94.0,2,1,6.2,41.5,1
CSE,Tier2,7.29,63.3,77.6,0,1,2,36.0,0,0,4.6,32.2,1
IT,Tier3,8.01,76.8,,0,0,1,110.0,1,0,,56.8,0
IT,Tier1,6.89,75.4,90.4,0,4,5,12.0,0,1,6.0,47.3,1
ECE,Tier2,7.82,94.2,79.0,0,0,1,30.0,2,1,4.5,29.9,1
CSE,Tier2,6.49,83.9,83.3,2,3,1,78.0,2,0,5.3,39.3,0
CSE,Tier2,8.06,69.4,91.2,0,1,2,103.0,1,1,5.4,55.0,1
ECE,Tier3,6.72,75.8,91.0,0,0,1,45.0,1,1,7.3,58.9,0
IT,Tier2,8.15,94.0,82.8,0,0,4,178.0,1,1,4.4,40.4,1
EEE,Tier3,7.36,,74.0,0,0,4,40.0,0,1,4.5,48.2,0
CSE,Tier3,8.82,71.7,62.7,0,1,1,25.0,2,0,5.3,,1
CSE,Tier3,6.15,77.6,79.1,3,1,5,45.0,2,1,7.0,54.4,0
CSE,Tier3,5.82,77.9,87.9,0,1,2,507.0,4,0,7.3,36.1,1
ECE,Tier3,6.68,75.2,80.5,0,1,1,7.0,2,0,6.5,54.6,0
IT,Tier3,5.92,64.6,45.0,0,1,1,367.0,1,4,7.3,40.3,1
Mechanical,Tier2,5.92,73.9,85.7,3,1,1,132.0,0,0,8.1,24.1,0
IT,Tier2,7.92,92.5,86.3,0,2,0,24.0,0,1,6.3,53.8,1
ECE,Tier2,7.3,76.6,74.0,1,0,0,80.0,0,0,4.6,37.3,0
ECE,Tier1,6.82,79.1,86.9,1,0,2,56.0,0,1,5.9,62.5,1
,Tier1,6.91,81.3,83.3,0,0,0,227.0,3,1,3.5,,0
ECE,Tier3,6.7,99.0,70.1,0,0,1,19.0,3,1,6.7,56.2,0
IT,Tier1,8.95,80.1,89.7,0,2,1,139.0,1,0,5.1,52.1,1
IT,Tier2,6.56,89.8,64.3,0,2,3,57.0,2,1,6.2,48.1,0
CSE,Tier3,5.98,74.6,,1,4,1,37.0,1,0,5.8,48.4,1
Mechanical,Tier1,8.1,77.7,75.4,0,2,3,44.0,3,1,5.3,68.5,1
Civil,Tier3,7.08,80.1,68.7,0,0,3,69.0,3,0,6.4,48.2,1
CSE,Tier1,9.34,73.0,,1,1,2,162.0,0,0,,66.6,1
ECE,Tier3,6.77,78.2,90.1,1,0,3,85.0,2,3,4.9,28.7,0
EEE,Tier3,8.15,88.0,89.5,0,1,4,20.0,0,0,4.0,58.6,1
IT,Tier2,8.38,72.8,84.2,0,0,1,329.0,2,0,6.6,46.6,1
Mechanical,Tier1,6.78,80.0,60.0,0,2,4,43.0,3,0,3.8,49.4,1
ECE,Tier2,6.56,86.4,63.6,0,2,4,14.0,1,1,9.2,35.3,1
Civil,Tier2,8.04,72.6,78.7,1,1,2,80.0,1,1,8.3,60.1,0
Civil,Tier2,7.87,89.9,76.7,1,1,1,38.0,0,0,3.1,,0
CSE,Tier3,5.89,80.7,72.0,2,0,1,64.0,0,0,7.1,41.7,0
,Tier2,6.17,78.5,96.1,0,1,2,96.0,0,0,8.0,35.5,0
ECE,Tier3,4.76,61.9,78.1,4,0,4,6.0,2,0,4.9,45.7,0
CSE,Tier1,7.9,76.6,82.4,0,2,1,285.0,0,1,6.6,73.2,1
IT,Tier3,7.04,83.3,86.9,0,1,3,152.0,4,2,5.8,73.3,1
Civil,Tier2,7.14,95.7,77.5,0,0,1,43.0,2,0,7.2,,0
CSE,Tier2,5.61,85.1,99.0,2,1,1,79.0,3,1,5.2,46.4,0
ECE,Tier2,6.2,90.1,67.6,1,0,0,88.0,1,1,7.8,30.2,0
Mechanical,Tier1,6.82,69.1,70.9,0,1,1,119.0,0,0,5.7,64.9,1
IT,Tier3,6.63,78.9,67.6,1,1,2,31.0,0,1,5.4,20.3,0
ECE,Tier2,7.42,91.0,,0,0,4,43.0,1,0,7.2,66.4,0
Civil,Tier2,7.88,72.0,85.0,0,0,4,53.0,0,3,7.6,54.7,1
ECE,Tier2,9.57,88.7,71.6,1,2,4,87.0,0,1,1.8,33.7,1
CSE,Tier3,7.28,86.6,68.4,0,0,0,169.0,0,0,,55.4,0
CSE,Tier1,8.42,82.5,90.8,0,2,4,139.0,1,0,6.6,55.2,1
Civil,Tier1,6.47,77.0,80.6,1,0,3,40.0,1,2,4.8,42.0,0
CSE,Tier1,,71.1,,0,3,1,27.0,1,1,3.6,39.9,1
ECE,Tier2,6.95,96.0,76.4,1,1,0,45.0,0,0,5.3,49.5,0
CSE,Tier1,5.7,85.7,82.1,4,2,3,82.0,2,1,10.0,43.2,0
IT,Tier3,7.31,83.1,80.0,1,1,3,31.0,2,1,3.6,33.9,1
Civil,Tier2,6.52,76.3,70.8,0,1,2,119.0,3,0,7.6,,1
ECE,Tier3,5.35,80.3,75.6,1,1,1,42.0,4,0,4.6,,0
Civil,Tier2,9.04,81.5,65.2,0,1,3,66.0,3,1,3.4,79.2,1
CSE,Tier2,6.76,83.6,81.9,1,0,8,85.0,0,3,4.9,59.1,0
ECE,Tier2,5.66,86.6,84.6,1,1,1,16.0,1,0,3.4,55.0,0
Mechanical,Tier2,8.2,73.0,86.9,1,1,4,70.0,0,0,3.2,,1
IT,Tier2,6.57,66.8,83.7,0,2,8,311.0,2,0,4.7,56.7,1
CSE,Tier2,8.39,80.8,75.7,1,1,0,215.0,1,0,4.0,55.2,1
Mechanical,Tier2,6.57,64.3,92.5,0,2,1,58.0,3,0,5.7,17.1,1
IT,Tier3,,77.1,,0,2,1,83.0,2,3,6.3,51.7,0
ECE,Tier2,7.64,75.4,90.9,0,1,2,50.0,6,1,4.6,74.0,1
Civil,Tier2,7.89,84.4,91.5,1,0,1,68.0,1,1,,65.2,1
CSE,Tier1,8.07,97.8,75.7,0,2,0,77.0,5,0,4.8,49.3,0
IT,Tier2,7.21,62.5,,0,1,6,168.0,2,0,5.7,51.8,1
,Tier3,7.83,99.0,84.7,0,0,2,88.0,1,0,2.1,47.5,0
IT,Tier1,8.05,77.9,65.5,0,0,3,10.0,2,0,6.1,58.9,1
CSE,Tier2,7.5,83.1,65.7,0,0,2,43.0,1,0,10.0,,1
,Tier2,7.16,67.3,64.0,0,0,1,37.0,0,0,7.4,68.1,0
CSE,Tier1,,89.0,75.9,3,0,2,112.0,1,1,5.7,45.7,0
EEE,Tier3,7.9,80.4,73.7,0,1,1,80.0,4,0,3.9,57.6,1
CSE,Tier2,7.34,79.4,62.6,0,2,2,130.0,2,2,8.9,41.8,1
IT,Tier3,6.89,62.6,78.5,0,1,3,20.0,4,1,5.7,44.4,1
IT,Tier2,8.58,80.7,76.0,1,3,2,170.0,1,2,4.8,44.0,1
EEE,Tier3,5.87,87.6,88.8,2,0,2,32.0,3,0,4.8,61.4,0
ECE,Tier2,8.94,,97.1,0,0,3,11.0,1,1,9.7,,1
IT,Tier2,7.28,90.6,81.6,0,1,1,169.0,1,1,5.8,53.3,0
Mechanical,Tier3,7.62,90.2,70.0,1,1,1,75.0,2,0,6.8,34.5,1
ECE,Tier2,6.9,74.2,83.5,0,0,4,47.0,0,1,5.6,34.7,0
CSE,Tier2,5.63,94.4,77.1,2,0,2,135.0,0,0,5.9,40.2,0
Civil,Tier3,7.16,80.4,74.6,0,0,0,46.0,3,0,5.2,47.1,0
IT,Tier2,7.63,80.4,68.4,0,1,0,165.0,0,0,8.6,56.1,1
CSE,Tier3,7.98,80.9,72.4,1,0,3,90.0,1,0,6.1,79.0,1
ECE,Tier3,7.1,80.6,75.2,0,1,4,4.0,0,1,3.5,26.3,0
CSE,Tier3,5.11,56.3,,4,1,3,44.0,0,0,6.7,52.3,0
CSE,Tier3,5.76,78.3,82.1,2,1,2,52.0,2,1,5.8,49.8,0
EEE,Tier2,9.35,67.7,95.3,1,0,3,32.0,4,2,6.7,54.3,1
CSE,Tier2,6.21,94.6,83.7,1,2,2,87.0,4,2,5.4,40.8,1
Mechanical,Tier1,8.73,94.3,81.2,0,1,1,111.0,0,1,5.0,72.1,1
Civil,Tier3,6.37,87.7,73.9,1,1,1,42.0,2,3,7.6,46.1,0
,Tier3,,77.9,66.6,0,1,3,54.0,2,1,9.3,46.7,1
EEE,Tier2,7.93,,71.3,0,1,1,37.0,2,1,2.7,42.0,1
EEE,Tier1,6.48,74.1,70.0,0,1,2,46.0,2,0,6.1,37.4,1
Civil,Tier2,8.89,97.5,51.4,0,0,6,53.0,1,1,5.0,44.9,1
IT,Tier2,7.38,73.8,,0,2,1,216.0,0,1,4.4,62.5,1
,Tier3,7.76,58.8,93.0,0,1,3,213.0,1,1,2.1,44.4,0
ECE,Tier1,7.03,89.3,80.7,2,0,1,10.0,0,1,6.6,35.8,1
ECE,Tier3,7.96,93.5,73.2,1,0,2,22.0,5,1,5.1,56.9,0
CSE,Tier3,8.88,,81.0,0,1,0,79.0,2,2,5.0,49.6,1
ECE,Tier3,7.17,89.3,57.5,0,0,1,80.0,1,1,8.2,69.4,1
CSE,Tier1,9.03,90.8,79.8,1,1,3,124.0,1,1,5.2,60.6,1
Civil,Tier3,6.69,80.5,89.8,0,0,3,35.0,0,0,5.1,50.9,1
,Tier3,8.06,61.3,75.8,0,2,0,34.0,4,0,3.6,57.8,0
CSE,Tier3,7.79,80.3,59.3,0,0,4,175.0,1,1,4.4,60.8,0
CSE,Tier1,,85.6,72.9,3,0,2,223.0,0,0,8.6,54.7,0
CSE,Tier2,7.51,78.8,89.8,0,1,4,46.0,2,0,7.1,52.9,1
CSE,Tier3,7.31,78.4,79.6,1,0,2,19.0,2,0,8.3,39.3,0
CSE,Tier2,6.45,71.3,62.8,2,0,0,97.0,1,3,4.5,45.4,0
CSE,Tier2,7.66,71.0,99.0,0,1,1,99.0,1,0,6.7,54.0,1
CSE,Tier2,,96.5,64.5,0,1,2,267.0,2,0,,32.6,1
IT,Tier2,7.23,96.9,74.6,1,0,1,62.0,1,2,7.0,25.9,0
IT,Tier1,7.23,80.0,66.6,0,2,3,53.0,1,0,8.8,36.6,1
IT,Tier2,,82.5,66.6,0,2,2,52.0,1,0,6.7,27.6,1
IT,Tier2,6.93,71.2,72.5,0,0,3,36.0,3,2,6.0,43.8,1
CSE,Tier3,7.44,85.8,83.4,1,1,2,89.0,0,2,1.8,42.9,1
CSE,Tier3,6.66,95.8,89.9,0,1,5,183.0,0,0,6.8,49.3,1
CSE,Tier2,9.96,66.2,73.1,0,0,3,188.0,0,0,7.1,73.3,1
EEE,Tier1,5.89,84.2,66.9,0,2,2,15.0,2,1,,47.9,0
Civil,Tier2,6.72,84.9,81.8,0,1,2,83.0,0,3,,53.8,0
Civil,Tier2,6.79,84.7,82.1,0,2,1,42.0,0,0,5.9,60.3,1
ECE,Tier3,9.34,94.8,79.4,0,2,1,6.0,2,1,3.1,57.8,1
ECE,Tier2,5.98,98.3,79.8,1,0,6,67.0,2,0,3.1,13.6,0
IT,Tier1,7.73,77.9,75.9,0,2,2,215.0,3,0,6.9,32.7,1
Mechanical,Tier1,7.55,86.1,78.0,1,1,1,26.0,0,0,8.3,58.7,1
EEE,Tier2,7.63,80.8,,0,0,1,41.0,1,1,8.3,55.5,0
Mechanical,Tier3,8.54,74.3,87.7,0,1,4,34.0,0,2,6.8,66.0,0
Mechanical,Tier3,8.52,82.4,99.0,0,0,0,44.0,7,0,9.7,91.7,0
,Tier2,6.85,86.0,78.8,0,0,3,84.0,3,0,5.3,51.9,1
EEE,Tier2,7.49,82.0,76.9,0,1,2,48.0,1,0,7.6,51.3,0
Mechanical,Tier3,5.44,72.1,79.6,0,0,4,3.0,2,1,,46.3,0
,Tier2,7.4,75.8,70.4,1,1,4,64.0,2,0,1.0,37.7,0
Civil,Tier3,6.51,75.9,84.6,0,1,3,37.0,2,0,5.1,56.6,0
CSE,Tier3,7.11,72.4,81.4,1,1,5,154.0,1,0,5.8,48.5,1
Civil,Tier2,5.61,82.8,,2,0,2,3.0,0,1,,63.3,0
Mechanical,Tier3,7.7,83.8,86.0,0,0,2,86.0,1,1,5.7,34.3,0
CSE,Tier2,5.6,88.8,77.2,0,2,3,104.0,1,1,6.7,43.1,0
EEE,Tier3,7.45,72.3,67.3,0,0,1,81.0,1,0,9.1,44.7,1
CSE,Tier1,6.07,,80.5,0,0,4,132.0,2,0,7.3,32.6,1
Mechanical,Tier2,,94.0,79.4,1,0,3,101.0,0,0,,54.7,0
Mechanical,Tier2,8.45,78.5,86.6,0,0,4,55.0,3,1,1.5,53.5,1
ECE,Tier1,,80.3,85.3,0,1,3,8.0,1,2,4.1,70.4,1
Mechanical,Tier1,8.45,78.4,75.9,0,1,0,64.0,1,0,8.4,50.9,1
CSE,Tier2,8.86,90.2,72.3,0,1,3,112.0,2,1,5.1,54.6,1
CSE,Tier2,6.53,90.5,77.0,0,0,5,60.0,0,0,7.2,71.8,1
IT,Tier2,8.8,90.0,80.6,0,1,2,116.0,3,1,7.2,42.8,1
CSE,Tier2,5.83,80.2,81.8,0,4,3,141.0,0,1,5.9,,1
IT,Tier3,8.05,72.1,80.0,0,0,2,120.0,1,1,5.8,18.2,0
CSE,Tier3,6.81,97.3,76.1,1,1,1,27.0,1,1,4.8,43.7,0
IT,Tier1,6.37,87.7,87.0,0,1,2,271.0,2,0,10.0,55.1,1
IT,Tier2,7.91,75.9,70.3,0,1,0,177.0,3,1,4.3,59.5,1
Mechanical,Tier3,8.24,92.8,99.0,0,0,1,40.0,2,0,8.0,58.0,0
CSE,Tier3,8.22,75.2,84.6,0,2,2,79.0,0,0,,45.6,1
Mechanical,Tier2,7.51,92.7,65.7,1,0,2,103.0,1,2,7.1,50.3,0
IT,Tier3,7.43,93.3,78.9,2,1,3,120.0,1,0,5.8,47.4,0
IT,Tier1,7.83,71.7,84.7,0,2,4,28.0,0,0,3.3,54.1,1
ECE,Tier2,7.6,85.2,73.5,0,0,3,104.0,1,1,3.9,55.1,1
IT,Tier3,7.84,87.0,62.0,1,0,5,70.0,0,0,4.6,50.0,0
CSE,Tier3,7.5,,66.6,0,0,2,28.0,4,0,6.7,52.8,0
ECE,Tier3,8.14,73.3,82.4,0,1,1,49.0,2,0,7.6,54.5,0
CSE,Tier1,5.67,92.9,59.5,3,2,3,57.0,2,1,6.6,35.3,0
IT,Tier1,7.17,80.2,62.5,1,2,4,91.0,2,2,6.5,51.8,1
ECE,Tier1,,68.8,82.4,2,1,4,54.0,1,1,7.9,29.3,0
IT,Tier1,7.58,78.9,74.8,0,1,3,3.0,0,0,2.2,55.1,0
Mechanical,Tier1,8.94,80.0,70.0,0,0,3,44.0,1,1,2.0,46.4,1
CSE,Tier2,6.83,70.5,72.1,0,2,2,222.0,1,0,3.2,48.8,0
,Tier2,7.43,82.8,62.3,1,2,4,12.0,1,0,7.7,57.7,1
Mechanical,Tier3,8.06,88.6,81.8,0,1,2,3.0,0,1,2.4,44.2,0
Civil,Tier2,5.23,82.1,,1,0,2,72.0,5,1,6.0,53.6,0
Mechanical,Tier1,6.78,75.1,71.6,1,3,2,42.0,0,2,4.4,70.3,1
CSE,Tier3,7.66,78.7,,1,1,1,148.0,0,1,6.3,45.5,1
ECE,Tier1,4.5,80.0,74.4,2,2,1,28.0,1,0,5.7,,0
CSE,Tier3,6.32,82.0,70.0,0,3,2,119.0,1,1,6.5,61.2,0
Mechanical,Tier1,8.4,90.0,57.1,0,0,1,105.0,3,2,5.3,35.4,1
ECE,Tier2,8.3,82.4,80.7,0,2,2,60.0,0,1,7.3,56.9,1
CSE,Tier3,7.67,67.4,77.8,0,0,3,35.0,1,0,8.6,49.7,1
Civil,Tier2,8.18,74.9,71.8,0,0,2,84.0,1,0,8.3,66.7,1
CSE,Tier3,7.52,81.5,66.6,0,2,3,94.0,1,3,5.3,49.6,1
ECE,Tier3,7.86,90.1,77.1,1,0,5,4.0,0,2,4.4,59.7,1
EEE,Tier1,6.98,91.7,81.8,0,1,7,19.0,0,2,6.4,40.0,1
CSE,Tier3,7.42,96.0,78.0,0,1,1,39.0,1,2,9.6,63.5,1
ECE,Tier3,6.67,81.2,93.4,1,0,2,36.0,2,0,5.9,34.9,0
Mechanical,Tier3,8.56,86.9,84.0,0,1,5,85.0,2,0,7.5,68.3,1
CSE,Tier2,8.82,66.9,75.9,1,0,5,175.0,0,1,7.4,60.0,1
ECE,Tier2,8.68,83.9,84.4,1,1,2,24.0,2,0,7.4,30.1,0
CSE,Tier3,6.89,70.3,77.5,0,1,4,139.0,2,1,8.3,50.2,1
EEE,Tier2,6.35,,77.5,2,3,4,26.0,1,0,3.6,54.0,0
CSE,Tier2,8.58,99.0,90.0,0,1,2,79.0,2,3,4.3,43.1,0
Civil,Tier1,7.84,82.7,68.0,0,1,2,51.0,2,0,6.1,44.1,0
Mechanical,Tier1,7.63,72.2,77.2,0,1,2,12.0,0,2,8.2,54.2,1
CSE,Tier2,6.67,83.7,88.9,0,0,0,84.0,1,0,8.2,42.2,0
IT,Tier1,7.73,75.3,80.1,0,2,2,85.0,1,1,5.9,57.6,1
ECE,Tier1,6.21,71.4,73.3,4,3,3,21.0,1,1,7.8,43.6,1
EEE,Tier1,7.93,98.9,59.9,0,2,1,55.0,1,0,5.2,38.8,0
IT,Tier3,8.68,89.6,54.3,0,0,2,139.0,1,0,4.5,86.3,1
CSE,Tier1,8.93,83.1,97.8,1,0,0,42.0,3,2,3.6,55.6,1
CSE,Tier1,8.01,76.5,80.1,0,2,1,30.0,1,1,5.8,56.5,1
Civil,Tier2,5.92,77.2,71.2,0,2,1,38.0,2,0,5.4,65.9,1
ECE,Tier2,7.5,93.9,80.5,1,1,1,19.0,0,1,7.8,62.8,0
Mechanical,Tier3,9.44,82.8,67.5,1,1,4,29.0,5,1,7.0,68.8,1
ECE,Tier3,6.43,52.3,73.7,0,1,0,1.0,3,1,6.1,59.9,0
Civil,Tier2,7.24,99.0,67.6,0,0,3,34.0,1,0,6.1,57.8,0
CSE,Tier2,,81.6,,1,1,2,74.0,4,0,5.2,65.2,0
CSE,Tier2,7.92,83.1,56.0,0,0,0,32.0,1,0,2.8,61.4,1
Civil,Tier1,9.78,89.8,61.0,0,3,1,67.0,0,1,3.9,61.9,1
Civil,Tier2,6.57,84.2,87.2,0,1,2,29.0,0,0,7.4,60.7,1
IT,Tier1,6.31,86.7,67.1,0,2,1,104.0,1,1,5.8,,1
IT,Tier1,8.52,76.2,82.3,0,2,2,162.0,2,0,3.6,30.0,0
ECE,Tier2,6.1,68.9,86.6,1,0,3,58.0,0,0,,55.7,0
IT,Tier1,7.1,82.5,77.2,0,2,1,24.0,3,1,,41.0,1
CSE,Tier1,7.23,92.9,74.0,0,3,5,108.0,0,0,8.2,54.1,1
Mechanical,Tier2,8.34,74.2,78.3,1,0,0,21.0,0,0,6.8,36.6,1
CSE,Tier2,7.91,73.4,72.8,0,0,3,202.0,1,0,6.5,47.6,1
EEE,Tier1,7.76,91.0,89.0,0,1,4,120.0,0,0,6.0,49.4,0
CSE,Tier1,6.9,75.9,95.8,0,0,3,220.0,2,0,6.3,55.9,1
CSE,Tier1,8.52,76.3,91.5,0,1,3,165.0,2,1,7.1,50.5,1
EEE,Tier2,10.0,76.6,55.5,0,2,2,37.0,1,0,7.3,39.0,1
IT,Tier3,7.99,79.4,72.6,1,1,0,175.0,1,1,6.8,49.1,0
EEE,Tier3,7.4,65.8,77.0,0,0,1,6.0,3,0,1.0,47.4,0
CSE,Tier2,6.0,75.1,81.6,2,0,1,57.0,2,1,8.1,52.6,0
Civil,Tier2,6.66,82.1,59.7,1,1,3,56.0,4,1,6.4,50.1,0
EEE,Tier3,7.09,82.0,59.6,0,2,2,33.0,3,1,3.6,41.2,0
Mechanical,Tier3,6.77,90.4,90.1,0,2,1,15.0,1,1,6.4,52.2,1
CSE,Tier1,7.28,96.6,71.4,0,1,2,137.0,2,1,6.5,73.4,1
IT,Tier1,9.08,93.6,62.1,0,0,2,250.0,1,1,3.2,74.4,1
IT,Tier2,8.55,88.2,66.0,0,0,3,235.0,2,0,4.8,34.8,1
ECE,Tier2,7.14,78.7,80.9,1,0,1,23.0,3,0,4.0,80.4,0
IT,Tier1,6.09,74.4,68.8,0,5,2,280.0,1,2,4.2,59.7,1
CSE,Tier2,,80.2,79.4,0,1,1,67.0,0,1,7.0,77.2,1
IT,Tier2,7.25,85.3,67.2,0,2,6,110.0,1,0,4.9,33.0,1
CSE,Tier2,5.57,87.4,59.6,4,1,1,195.0,1,1,,37.9,0
IT,Tier2,8.01,85.6,,0,0,2,8.0,1,1,7.3,62.1,1
CSE,Tier3,8.33,78.9,81.0,0,1,1,105.0,3,1,5.2,43.2,1
CSE,Tier2,4.87,87.1,73.7,1,0,4,46.0,1,0,7.4,,0
ECE,Tier2,6.48,91.3,71.8,2,0,2,30.0,3,1,8.4,67.0,1
IT,Tier1,7.19,87.9,91.6,3,1,1,195.0,1,0,7.5,46.9,0
IT,Tier3,8.03,79.7,82.9,0,1,2,67.0,2,1,,75.6,1
,Tier2,6.78,72.5,88.5,0,1,2,37.0,1,2,,57.4,0
Mechanical,Tier1,6.47,,71.2,1,2,1,38.0,1,1,6.7,25.0,0
IT,Tier2,8.03,73.9,77.5,1,2,1,159.0,0,0,7.5,44.7,1
ECE,Tier3,6.83,82.3,81.0,0,2,2,75.0,1,0,3.9,62.5,0
Civil,Tier3,7.84,84.7,71.5,1,1,4,49.0,0,1,5.9,41.8,0
ECE,Tier3,6.19,67.3,76.0,2,2,2,29.0,1,0,6.7,58.9,0
Civil,Tier3,5.95,75.5,71.2,0,0,1,46.0,1,3,5.9,52.1,1
Mechanical,Tier2,8.06,82.2,81.0,0,2,2,28.0,2,2,10.0,59.0,1
CSE,Tier2,7.55,71.9,63.8,0,0,2,296.0,0,0,5.7,45.8,1
IT,Tier1,8.22,83.9,82.7,2,2,2,92.0,3,0,2.8,,1
EEE,Tier3,6.77,77.2,80.1,0,2,3,87.0,3,2,6.1,69.0,1
Civil,Tier2,6.5,73.5,75.0,0,3,2,87.0,2,0,7.5,42.8,0
ECE,Tier1,8.66,80.5,81.5,0,3,2,49.0,1,2,4.4,65.6,1
CSE,Tier3,5.78,83.5,73.4,1,1,3,133.0,2,0,5.9,,0
ECE,Tier2,8.55,72.4,70.3,0,0,3,54.0,0,1,5.9,60.9,1
CSE,Tier1,8.62,77.8,82.4,0,3,1,153.0,3,0,5.9,52.2,1
EEE,Tier2,8.16,84.2,82.9,0,0,2,14.0,1,1,4.9,49.8,1
ECE,Tier3,6.61,73.1,71.9,0,0,2,155.0,2,1,8.0,,1
EEE,Tier3,6.48,65.1,71.1,1,0,1,45.0,0,1,9.9,32.9,0
Mechanical,Tier2,7.09,66.2,75.2,0,1,1,100.0,3,0,4.5,54.5,1
ECE,Tier3,6.0,76.2,71.5,0,0,1,46.0,1,0,3.6,56.7,0
ECE,Tier3,6.34,68.1,92.3,4,1,2,48.0,1,4,5.2,41.6,0
EEE,Tier3,7.94,76.9,80.2,0,0,1,24.0,2,0,8.5,66.2,1
Mechanical,Tier3,7.95,95.0,77.1,0,1,2,27.0,3,0,5.5,65.5,1
Mechanical,Tier2,6.25,67.6,67.7,2,1,2,5.0,0,1,6.7,37.0,0
CSE,Tier3,7.98,77.5,84.4,0,1,2,339.0,2,0,4.4,47.7,1
ECE,Tier2,7.75,99.0,70.9,0,0,3,89.0,2,0,9.2,37.6,0
CSE,Tier3,8.81,83.7,70.5,0,1,1,60.0,1,1,5.5,68.0,0
Mechanical,Tier1,7.87,76.7,84.7,0,0,1,43.0,4,0,6.4,54.4,0
ECE,Tier3,8.36,78.6,80.9,1,0,2,62.0,2,1,4.6,67.4,0
IT,Tier3,,83.9,52.0,0,0,0,38.0,0,0,4.4,53.2,0
CSE,Tier2,8.28,95.3,75.4,0,0,2,55.0,1,1,6.0,45.1,1
IT,Tier3,6.01,75.2,78.3,0,2,1,96.0,2,0,6.2,,0
EEE,Tier2,7.18,73.2,73.6,0,0,1,104.0,2,2,7.6,27.1,0
CSE,Tier1,7.26,67.6,78.6,0,0,5,59.0,0,0,3.0,,1
,Tier1,7.06,80.9,58.9,2,3,2,158.0,2,0,4.3,,0
Mechanical,Tier3,7.74,67.3,48.7,1,0,1,131.0,0,0,4.8,72.0,0
EEE,Tier2,7.93,75.8,67.2,1,1,1,89.0,0,0,6.2,75.7,0
CSE,Tier2,,71.8,79.8,1,0,0,34.0,2,0,4.0,58.5,0
IT,Tier3,7.12,89.7,45.0,0,0,2,70.0,2,0,5.8,43.7,1
Civil,Tier2,6.56,75.4,68.6,1,0,3,39.0,0,0,4.8,68.5,0
EEE,Tier2,8.4,83.6,57.8,0,3,2,21.0,2,1,5.8,48.6,1
ECE,Tier3,7.65,65.6,74.6,0,2,4,80.0,2,0,4.6,36.6,0
IT,Tier3,6.28,81.2,96.6,0,2,6,30.0,1,0,4.2,22.6,1
IT,Tier3,7.11,69.2,74.8,0,2,3,60.0,1,1,6.5,51.8,1
CSE,Tier2,5.56,76.2,75.9,2,1,2,132.0,2,0,8.0,22.2,0
EEE,Tier3,7.34,99.0,85.4,0,1,4,41.0,1,0,7.5,,1
CSE,Tier2,7.1,88.4,77.2,1,1,2,51.0,0,0,8.0,43.5,1
CSE,Tier2,6.73,78.8,74.9,1,0,3,280.0,2,1,8.2,33.2,1
EEE,Tier1,8.88,99.0,86.3,1,3,3,16.0,2,1,5.7,,1
Civil,Tier2,,71.8,81.7,3,0,3,72.0,2,1,9.4,56.2,0
EEE,Tier3,8.01,90.5,79.9,0,0,0,60.0,0,0,7.4,75.0,1
ECE,Tier3,9.49,66.2,75.6,1,0,3,62.0,1,0,4.3,42.0,1
ECE,Tier2,8.38,77.8,,0,1,1,9.0,1,0,4.8,34.0,0
IT,Tier1,7.27,67.9,86.2,1,0,1,97.0,1,0,6.3,70.1,1
IT,Tier3,6.17,82.3,73.6,0,1,0,123.0,1,0,7.6,12.2,1
ECE,Tier3,5.94,80.5,89.3,2,0,2,55.0,1,0,5.6,30.1,0
IT,Tier2,6.89,77.2,66.5,0,0,3,88.0,0,0,4.3,50.1,1
ECE,Tier1,6.61,89.8,,0,0,5,63.0,2,1,7.4,32.1,0
Mechanical,Tier2,,74.9,81.7,1,1,0,37.0,1,0,4.0,50.4,0
Civil,Tier2,6.97,82.9,67.3,1,1,2,20.0,3,2,,36.1,0
CSE,Tier2,7.2,87.4,82.1,0,5,2,52.0,2,1,6.1,66.5,1
IT,Tier2,7.79,66.7,70.5,0,0,2,142.0,0,2,3.6,62.5,1
CSE,Tier3,6.06,73.3,77.3,0,3,3,54.0,0,1,9.2,48.6,0
IT,Tier2,6.62,80.5,72.1,0,2,2,167.0,1,0,,43.8,0
IT,Tier2,7.14,85.7,75.7,0,0,2,54.0,2,0,3.9,38.3,1
CSE,Tier1,7.1,92.8,86.4,0,1,4,36.0,1,2,6.1,48.9,0
,Tier3,9.14,78.1,82.2,0,0,1,137.0,1,1,2.9,45.9,0
ECE,Tier2,,77.2,65.7,0,1,6,98.0,0,0,6.6,75.7,1
,Tier2,,72.1,66.3,1,1,4,44.0,3,2,7.5,47.3,0
CSE,Tier1,7.72,83.0,79.7,0,1,2,68.0,0,0,10.0,43.1,1
CSE,Tier3,7.85,77.3,80.4,0,1,2,169.0,1,2,6.2,73.0,1
IT,Tier3,7.17,77.5,70.3,2,1,1,393.0,5,0,4.8,50.3,0
CSE,Tier1,6.09,79.2,92.9,0,3,6,75.0,3,1,6.4,62.2,1
CSE,Tier1,9.06,85.0,85.1,0,2,4,333.0,2,1,8.6,76.7,1
Civil,Tier1,6.23,74.9,70.7,2,1,2,27.0,1,0,6.9,51.4,0
CSE,Tier3,7.96,73.1,69.8,1,0,0,26.0,1,1,7.5,39.6,0
CSE,Tier3,7.5,83.9,74.7,0,0,3,107.0,0,0,7.4,45.5,1
ECE,Tier2,7.9,52.8,73.7,1,3,2,8.0,1,0,6.9,97.6,1
ECE,Tier2,9.01,74.6,89.6,1,1,2,65.0,1,1,3.5,53.4,1
ECE,Tier3,7.86,69.6,86.8,0,1,6,13.0,2,2,3.4,51.2,0
IT,Tier3,6.74,90.8,77.4,2,2,2,147.0,1,0,3.2,43.0,0
Mechanical,Tier2,8.41,76.0,83.8,0,0,0,76.0,2,0,3.8,45.8,0
,Tier1,6.67,75.0,85.2,0,1,2,312.0,2,1,,56.8,1
IT,Tier2,7.46,79.6,77.6,0,1,2,26.0,1,1,9.3,36.3,0
EEE,Tier3,6.01,74.6,81.0,0,2,3,24.0,0,1,4.7,35.1,0
Mechanical,Tier3,6.27,76.4,82.9,0,2,3,31.0,2,1,6.2,50.0,0
IT,Tier3,7.35,80.9,81.9,0,1,1,153.0,2,0,5.6,48.7,1
ECE,Tier3,7.67,76.2,69.2,0,2,0,37.0,1,2,6.3,55.3,1
CSE,Tier2,5.6,76.1,70.2,2,2,2,42.0,0,0,6.1,42.6,0
CSE,Tier2,7.8,70.9,74.1,0,3,2,67.0,1,1,3.7,39.9,1
CSE,Tier1,6.48,69.6,69.9,0,0,4,121.0,1,0,7.1,,1
EEE,Tier3,8.58,80.5,62.3,0,0,2,30.0,1,0,4.8,71.6,0
IT,Tier2,,82.8,83.8,0,3,3,283.0,2,0,4.7,38.3,1
EEE,Tier2,6.18,67.1,80.5,1,0,0,55.0,3,0,5.4,51.6,0
CSE,Tier1,7.38,86.8,63.6,0,2,0,42.0,2,0,7.5,46.0,1
Mechanical,Tier3,6.38,86.9,74.6,2,1,3,40.0,1,0,4.9,59.9,0
Mechanical,Tier3,,88.8,75.2,0,2,2,64.0,0,2,6.2,68.2,0
CSE,Tier3,7.3,82.7,78.8,0,0,4,128.0,0,0,6.7,66.6,1
CSE,Tier2,7.15,85.7,66.2,0,1,4,70.0,2,0,6.5,39.4,1
CSE,Tier3,7.89,99.0,63.5,0,0,3,88.0,0,1,,38.2,0
Mechanical,Tier3,6.3,77.3,82.2,1,1,2,39.0,0,2,3.5,24.2,0
CSE,Tier3,6.01,70.6,61.7,2,1,3,205.0,1,0,6.2,77.2,0
ECE,Tier3,7.71,66.2,74.7,1,1,1,65.0,3,1,4.4,64.4,1
IT,Tier3,6.2,95.8,73.7,5,1,2,26.0,2,1,2.8,60.9,0
Mechanical,Tier3,6.2,95.9,75.8,2,0,3,109.0,2,3,5.2,28.8,0
ECE,Tier2,8.14,71.7,79.5,1,2,6,133.0,1,1,5.1,63.3,1
ECE,Tier2,7.83,73.5,,0,0,2,30.0,0,0,10.0,33.5,0
Civil,Tier2,6.05,77.1,61.0,0,1,1,59.0,1,0,7.8,50.7,0
CSE,Tier3,,91.0,85.8,0,2,1,491.0,3,0,7.4,48.6,1
Mechanical,Tier3,6.4,68.4,51.9,0,0,1,41.0,1,0,5.3,43.4,0
CSE,Tier1,9.08,62.3,90.9,0,2,1,121.0,1,0,,53.9,1
ECE,Tier1,8.21,99.0,56.6,2,1,0,68.0,1,0,10.0,70.1,0
Mechanical,Tier3,6.88,82.8,99.0,0,2,1,100.0,2,1,4.9,43.1,0
EEE,Tier3,7.88,84.1,73.1,0,1,3,7.0,2,1,6.5,70.6,1
EEE,Tier3,5.94,78.2,89.9,1,0,1,41.0,2,0,9.3,44.2,0
CSE,Tier2,6.63,84.2,87.8,0,2,5,249.0,1,2,4.7,52.6,1
IT,Tier3,7.4,66.4,72.6,1,1,3,175.0,1,0,6.3,58.6,1
IT,Tier3,7.75,72.4,73.4,1,0,1,137.0,1,3,6.0,59.3,0
ECE,Tier2,,80.9,68.6,0,0,1,49.0,1,0,4.4,53.8,0
ECE,Tier1,7.55,,84.9,0,1,3,96.0,1,0,,78.6,1
,Tier3,7.38,77.3,72.8,1,0,2,161.0,0,1,4.0,,0
IT,Tier1,7.14,76.7,68.8,1,2,1,315.0,0,0,7.4,,0
CSE,Tier2,7.0,77.3,82.4,1,2,1,91.0,1,1,6.8,47.5,1
,Tier3,6.87,,68.0,0,1,1,10.0,1,0,7.6,67.2,1
CSE,Tier3,7.53,71.0,73.7,1,0,2,221.0,1,3,5.7,42.9,0
Mechanical,Tier2,7.71,63.6,78.1,0,0,1,34.0,3,2,6.7,53.6,1
ECE,Tier3,7.5,81.3,70.6,0,0,4,44.0,3,0,7.8,53.4,1
CSE,Tier2,6.12,77.3,72.1,3,1,3,127.0,2,1,3.5,64.7,0
EEE,Tier3,6.3,67.6,92.3,0,2,5,28.0,3,0,3.8,,0
Mechanical,Tier2,7.7,80.6,75.0,0,1,1,13.0,0,0,7.0,42.7,0
CSE,Tier3,8.77,77.3,73.4,0,1,3,211.0,1,0,7.5,64.9,1
CSE,Tier3,7.45,75.9,75.2,0,0,2,3.0,4,1,6.2,56.4,1
CSE,Tier1,6.89,,81.5,1,1,1,403.0,0,0,7.7,55.7,1
CSE,Tier2,7.52,86.1,66.7,0,1,1,111.0,3,0,5.3,56.5,1
EEE,Tier3,6.16,68.9,81.3,3,0,1,4.0,1,1,8.3,44.4,0
Civil,Tier1,8.61,80.6,79.6,1,2,3,93.0,1,2,5.9,64.8,0
CSE,Tier1,,72.7,59.1,0,1,1,17.0,0,1,4.6,54.9,1
EEE,Tier2,6.63,76.5,94.9,1,0,2,27.0,1,0,8.6,45.2,0
CSE,Tier3,7.13,90.4,91.6,0,1,3,339.0,2,0,,49.9,0
ECE,Tier2,6.77,84.8,69.0,0,0,2,61.0,0,1,5.2,42.4,0
EEE,Tier2,8.61,90.2,65.8,0,2,4,54.0,1,1,5.2,49.6,1
IT,Tier3,7.1,83.0,79.3,0,1,3,149.0,2,2,7.1,57.2,1
CSE,Tier2,7.46,83.6,62.7,0,0,1,49.0,5,2,4.2,36.6,0
ECE,Tier2,7.87,64.0,,1,0,5,62.0,2,1,6.6,62.6,1
Civil,Tier2,6.56,77.1,72.3,0,0,1,56.0,1,2,5.7,44.6,0
CSE,Tier2,7.49,,,1,0,4,96.0,0,0,6.4,51.2,1
CSE,Tier2,7.57,91.0,,0,1,0,276.0,3,0,2.4,50.7,1
CSE,Tier3,5.75,75.4,75.9,1,0,3,190.0,1,0,4.4,49.8,0
ECE,Tier1,,82.4,89.7,0,2,4,15.0,0,1,6.5,70.5,1
ECE,Tier3,7.25,82.0,73.8,0,0,2,31.0,0,1,7.9,72.9,1
Mechanical,Tier2,7.43,90.4,79.7,0,2,2,26.0,3,0,5.8,64.7,1
EEE,Tier2,7.34,78.8,87.9,0,1,1,20.0,1,0,7.3,52.6,1
Mechanical,Tier1,,87.5,71.4,0,0,2,101.0,0,1,3.3,62.4,0
Mechanical,Tier2,8.64,64.7,64.4,0,0,2,31.0,5,0,5.2,33.9,0
CSE,Tier3,6.12,65.5,62.4,0,0,1,193.0,3,1,6.5,52.9,0
ECE,Tier2,6.96,59.4,82.8,1,1,4,63.0,1,0,5.9,54.5,1
IT,Tier1,7.97,87.1,80.9,0,2,5,37.0,1,0,7.4,36.3,1
IT,Tier2,7.78,,87.6,0,1,5,253.0,2,2,5.5,46.9,1
Civil,Tier3,7.76,88.1,74.3,0,1,4,41.0,2,3,,57.1,1
EEE,Tier2,10.0,73.9,62.7,0,1,2,31.0,1,2,7.2,69.6,1
Civil,Tier3,7.91,74.9,53.5,0,3,2,11.0,2,1,5.0,66.1,0
IT,Tier2,8.43,,99.0,1,1,2,53.0,1,0,4.4,77.2,0
ECE,Tier1,6.99,93.0,82.3,0,3,0,17.0,1,0,6.8,,1
ECE,Tier3,6.31,95.2,78.4,1,0,3,8.0,1,0,4.3,,0
CSE,Tier2,6.99,87.1,79.8,0,0,0,150.0,3,1,8.6,59.8,1
CSE,Tier1,8.01,83.0,62.7,0,2,1,45.0,2,1,2.7,70.5,0
ECE,Tier3,7.71,92.0,69.1,0,1,4,47.0,0,1,5.5,68.7,1
CSE,Tier1,7.7,77.7,94.4,0,1,1,236.0,1,1,8.9,59.2,1
Civil,Tier2,7.09,76.5,83.6,1,1,2,71.0,3,0,9.6,74.4,0
CSE,Tier2,6.93,78.8,69.4,1,2,1,130.0,2,0,5.8,46.3,0
CSE,Tier2,7.12,71.2,64.7,0,1,3,12.0,2,2,8.0,69.8,1
EEE,Tier3,8.02,78.4,71.8,0,0,4,8.0,0,1,7.4,41.2,1
CSE,Tier1,8.14,69.9,73.8,0,0,0,63.0,0,0,5.1,28.5,0
Civil,Tier3,6.29,89.2,97.5,0,1,1,55.0,2,0,6.8,32.3,0
EEE,Tier3,8.06,84.9,75.1,2,3,1,18.0,0,1,4.4,48.4,0
CSE,Tier3,6.65,92.9,65.1,0,1,3,43.0,2,0,3.2,48.3,1
EEE,Tier3,7.77,65.3,76.4,1,1,2,91.0,1,1,6.9,42.7,1
ECE,Tier3,7.11,97.1,79.6,0,0,1,35.0,0,1,7.0,52.1,0
EEE,Tier3,8.87,65.8,64.2,0,3,5,9.0,3,0,3.9,67.1,1
Mechanical,Tier2,6.88,69.2,81.0,0,0,1,56.0,1,1,5.7,53.6,0
EEE,Tier2,7.48,74.4,89.1,0,0,3,13.0,2,0,3.9,50.7,1
ECE,Tier3,7.91,91.8,78.4,0,1,2,55.0,1,0,5.2,,1
IT,Tier2,6.43,82.0,69.0,2,2,1,76.0,3,0,5.2,37.5,0
EEE,Tier3,7.23,77.8,71.7,0,1,0,43.0,0,1,7.3,48.2,0
Civil,Tier1,7.03,72.9,60.4,0,1,5,17.0,3,1,5.1,43.6,0
,Tier3,6.79,67.6,75.7,0,2,3,29.0,1,1,3.7,56.8,1
EEE,Tier2,6.86,90.2,80.1,0,0,1,25.0,1,0,9.1,44.2,0
IT,Tier3,8.41,87.2,68.0,0,0,3,47.0,2,1,6.9,61.9,1
EEE,Tier1,6.7,,96.4,1,1,4,30.0,2,2,7.6,,1
Civil,Tier1,7.87,83.6,84.9,0,4,2,5.0,2,1,7.1,48.2,1
CSE,Tier3,,56.2,59.1,0,2,1,170.0,1,0,,33.9,1
CSE,Tier3,5.9,68.8,59.3,2,1,2,163.0,1,0,6.8,41.8,0
ECE,Tier3,7.82,84.2,67.2,0,1,6,31.0,0,1,6.8,44.5,0
ECE,Tier3,5.89,76.7,,0,0,2,32.0,0,0,6.2,36.7,0
ECE,Tier2,7.93,75.0,85.9,1,1,3,29.0,3,1,5.2,25.0,1
CSE,Tier3,6.79,70.1,93.2,1,0,3,169.0,2,0,7.6,29.5,0
IT,Tier2,7.31,88.5,77.1,2,0,2,61.0,3,0,5.5,,0
ECE,Tier2,6.01,84.1,74.9,1,2,4,79.0,0,0,6.2,33.8,0
ECE,Tier2,7.42,84.5,64.5,0,2,0,11.0,3,0,,66.0,0
EEE,Tier1,8.23,74.3,80.5,1,1,0,80.0,1,1,6.8,47.5,1
EEE,Tier2,6.49,81.6,75.0,1,1,2,3.0,0,4,4.2,53.3,1
ECE,Tier3,6.69,68.0,74.7,0,0,5,28.0,3,0,6.4,45.4,1
Mechanical,Tier1,7.75,78.8,93.2,0,1,1,69.0,0,0,4.2,,1
ECE,Tier3,7.78,57.2,75.7,1,1,5,77.0,2,0,6.3,50.9,0
ECE,Tier2,4.87,,90.3,1,1,2,12.0,3,1,7.4,41.9,0
ECE,Tier1,9.32,77.1,61.1,0,1,4,57.0,2,1,,76.3,1
CSE,Tier3,7.83,99.0,99.0,0,0,2,132.0,2,1,7.0,59.8,1
CSE,Tier1,8.0,,73.3,0,2,5,149.0,3,0,7.6,46.7,1
ECE,Tier1,7.16,68.8,84.1,0,1,3,182.0,1,2,4.0,,0
Mechanical,Tier3,5.44,82.0,85.7,1,2,0,195.0,2,0,7.0,40.9,0
EEE,Tier1,7.97,95.9,,0,0,1,94.0,1,1,4.0,60.0,1
CSE,Tier1,6.73,,85.2,0,1,2,45.0,2,0,,50.5,1
ECE,Tier3,7.84,86.3,85.7,0,0,1,27.0,0,1,4.1,43.7,0
CSE,Tier1,7.08,77.0,69.9,0,1,2,112.0,2,0,4.2,52.2,1
EEE,Tier3,7.54,75.4,70.0,0,1,2,28.0,1,0,7.4,60.6,1
Mechanical,Tier3,6.53,80.7,77.5,0,1,2,18.0,1,0,9.0,64.3,0
ECE,Tier1,8.16,74.1,75.8,1,0,1,77.0,1,0,7.9,53.1,1
ECE,Tier2,6.11,86.5,90.9,3,0,2,12.0,1,3,5.4,75.0,0
IT,Tier1,,65.5,84.0,1,2,2,9.0,1,2,4.2,80.2,1
IT,Tier3,9.54,88.0,76.3,0,1,1,163.0,0,0,5.2,64.7,1
Mechanical,Tier1,8.93,80.4,83.1,0,0,1,64.0,4,0,6.2,62.8,1
EEE,Tier3,8.58,78.1,56.5,3,0,0,9.0,4,0,,74.5,0
ECE,Tier2,7.22,,70.8,0,1,3,9.0,0,1,4.1,39.5,0
IT,Tier3,8.47,71.2,79.9,0,0,6,93.0,0,0,8.3,47.7,1
CSE,Tier1,7.2,90.8,88.2,0,2,5,119.0,3,2,8.4,35.6,1
,Tier2,5.75,78.1,79.0,0,1,2,72.0,1,1,9.4,40.7,1
CSE,Tier2,8.8,82.5,91.6,0,1,2,60.0,1,0,3.0,48.7,1
IT,Tier2,8.43,72.1,85.7,0,2,1,88.0,0,1,4.5,52.9,1
Civil,Tier3,7.27,79.7,72.1,0,0,1,62.0,2,0,6.5,50.9,0
ECE,Tier1,6.07,67.7,75.6,1,3,1,9.0,2,0,6.0,28.8,0
CSE,Tier1,6.71,80.9,81.1,1,4,2,105.0,0,2,5.2,65.0,1
CSE,Tier2,5.48,83.3,72.5,2,1,0,45.0,0,0,4.5,56.7,1
IT,Tier2,8.25,82.9,92.3,0,0,3,417.0,1,0,4.2,50.7,1
Mechanical,Tier3,5.7,71.9,65.9,2,0,1,44.0,1,0,9.6,61.3,0
IT,Tier3,7.59,76.9,80.2,0,0,2,266.0,0,0,3.4,57.6,0
Mechanical,Tier3,6.46,84.8,84.4,0,1,1,59.0,0,1,3.2,60.5,0
Mechanical,Tier1,5.87,78.1,73.9,2,0,1,134.0,2,0,3.9,28.1,0
CSE,Tier2,7.54,77.4,71.6,0,2,2,90.0,2,1,6.3,48.7,1
ECE,Tier3,6.97,97.1,76.2,0,0,1,40.0,0,0,5.5,57.4,0
Civil,Tier2,8.14,71.4,85.1,0,0,1,32.0,1,1,6.7,53.7,1
IT,Tier3,6.03,89.7,72.0,2,1,2,51.0,0,1,4.7,43.1,0
CSE,Tier2,6.54,69.6,66.3,0,1,2,25.0,4,0,6.2,46.4,1
Civil,Tier2,4.91,85.9,88.5,0,1,1,48.0,5,0,6.2,44.0,1
Mechanical,Tier3,5.12,86.4,81.0,3,1,2,76.0,2,1,8.8,41.9,0
ECE,Tier2,,75.4,87.1,0,0,2,34.0,1,2,9.2,79.2,1
,Tier3,9.38,,84.6,0,2,0,25.0,0,0,5.7,50.0,1
CSE,Tier2,7.39,62.3,98.8,0,1,1,259.0,0,0,7.5,53.1,0
Mechanical,Tier1,6.48,74.5,88.1,1,2,3,14.0,1,1,6.3,55.8,1
ECE,Tier2,7.0,84.7,,0,0,4,38.0,0,0,7.4,35.1,0
CSE,Tier1,8.17,70.3,81.7,0,0,0,165.0,3,0,6.7,51.7,0
EEE,Tier2,6.79,,71.4,0,1,0,18.0,3,0,,51.0,0
Civil,Tier1,7.54,66.7,,0,0,4,39.0,1,0,7.5,,1
Mechanical,Tier3,7.29,77.9,62.9,0,1,0,77.0,2,0,6.8,53.1,0
CSE,Tier3,6.73,69.7,74.1,0,0,1,43.0,0,1,6.2,57.8,0
CSE,Tier2,6.77,79.3,82.5,0,1,2,151.0,0,1,7.9,58.8,1
,Tier1,7.59,75.5,76.3,1,2,1,7.0,1,0,5.8,19.9,0
Civil,Tier2,,69.3,66.0,0,1,0,34.0,1,2,5.0,47.6,0
ECE,Tier3,7.75,74.1,61.8,1,1,3,87.0,0,0,3.2,48.5,0
ECE,Tier2,6.83,71.6,98.1,0,1,1,62.0,1,1,6.8,,1
ECE,Tier1,7.43,68.2,80.3,0,1,3,91.0,1,2,7.2,60.5,1
IT,Tier2,8.68,89.7,68.8,0,1,4,6.0,2,1,2.9,68.9,1
CSE,Tier2,7.13,76.8,81.6,0,1,0,87.0,2,0,4.9,56.9,1
CSE,Tier2,8.22,60.2,98.9,1,0,4,47.0,1,1,7.4,57.4,1
CSE,Tier1,5.51,74.4,83.2,1,3,2,90.0,0,0,5.7,52.6,0
Mechanical,Tier3,6.83,88.2,49.1,1,0,2,80.0,2,0,6.1,48.9,1
CSE,Tier1,7.33,73.1,99.0,1,1,1,283.0,0,0,7.6,67.0,1
CSE,Tier1,9.22,93.5,,0,1,1,375.0,0,2,5.8,48.3,1
ECE,Tier1,5.34,72.3,74.9,2,3,4,26.0,1,1,6.7,54.2,1
CSE,Tier2,7.2,84.5,65.7,1,0,3,15.0,0,1,4.1,46.7,0
CSE,Tier2,8.76,89.3,69.6,1,0,2,10.0,1,3,6.6,66.9,1
,Tier2,6.51,84.1,79.8,1,0,2,11.0,3,0,3.6,28.7,0
IT,Tier2,,67.6,56.3,0,0,3,186.0,0,1,3.7,53.7,0
ECE,Tier3,7.63,71.5,76.1,0,0,4,54.0,1,1,5.1,51.3,1
,Tier2,7.48,90.5,88.5,1,2,0,57.0,2,0,7.0,51.9,0
CSE,Tier3,8.87,72.8,68.6,0,2,1,89.0,0,1,6.1,38.1,1
Civil,Tier2,7.75,88.8,63.1,2,1,3,26.0,1,0,4.6,54.1,0
Civil,Tier1,8.63,76.1,75.6,1,1,3,103.0,3,0,7.6,59.7,1
Mechanical,Tier3,6.94,81.3,73.6,0,4,1,2.0,0,0,6.6,28.3,0
ECE,Tier3,6.56,67.5,71.0,0,2,7,12.0,1,0,7.9,,0
ECE,Tier2,,74.5,65.1,1,0,4,64.0,2,1,4.4,52.3,1
ECE,Tier3,6.14,72.1,82.2,0,0,2,28.0,0,1,8.6,50.6,1
EEE,Tier2,7.78,82.0,83.0,0,3,2,72.0,1,2,8.8,53.3,1
CSE,Tier2,6.91,80.8,,0,1,2,168.0,1,0,7.6,50.1,0
Civil,Tier3,6.63,84.2,67.7,1,2,4,62.0,2,0,6.9,48.5,0
ECE,Tier3,7.8,75.6,78.4,1,0,2,59.0,1,0,6.9,47.5,0
Mechanical,Tier2,,71.6,67.4,2,0,3,78.0,1,0,6.6,43.6,0
IT,Tier3,8.07,81.6,78.8,0,0,1,194.0,1,1,3.5,38.5,0
CSE,Tier2,6.82,70.7,91.7,1,1,1,98.0,1,1,4.9,42.1,0
ECE,Tier1,8.46,89.7,76.4,0,2,2,31.0,0,0,5.8,56.8,1
ECE,Tier3,6.91,79.0,64.9,0,0,1,51.0,1,1,4.1,64.4,0
,Tier2,7.93,77.1,80.9,1,0,2,233.0,2,0,8.6,53.2,1
IT,Tier2,7.48,84.2,75.2,0,1,2,48.0,1,1,6.9,77.1,1
CSE,Tier2,8.04,79.3,75.5,0,0,2,84.0,6,2,9.2,78.4,1
ECE,Tier2,7.41,65.1,81.8,0,1,1,25.0,3,0,7.4,52.9,1
IT,Tier2,5.64,70.4,83.9,5,1,3,40.0,1,0,3.5,38.2,0
Civil,Tier3,8.31,89.5,77.4,0,0,0,27.0,1,0,8.4,83.7,1
CSE,Tier3,7.21,80.8,76.4,1,0,1,27.0,3,0,5.2,60.0,0
IT,Tier3,8.09,64.9,97.6,0,0,3,23.0,1,0,8.5,60.7,0
IT,Tier2,7.99,83.2,89.0,2,0,2,305.0,1,1,8.7,46.3,1
ECE,Tier2,6.53,75.0,85.3,0,0,4,14.0,1,0,8.4,42.5,1
ECE,Tier1,6.39,72.1,78.3,2,1,0,61.0,3,2,7.9,34.9,1
ECE,Tier2,7.96,69.7,66.9,1,2,1,150.0,0,0,6.8,72.6,0
Civil,Tier1,7.0,89.0,88.3,0,1,0,88.0,0,0,6.0,56.0,1
IT,Tier3,8.24,62.3,78.4,0,0,2,149.0,2,0,9.4,52.5,1
EEE,Tier3,7.12,72.5,71.2,0,2,1,67.0,1,0,6.5,44.9,0
CSE,Tier2,8.32,,74.6,1,2,4,63.0,1,1,5.3,44.7,0
CSE,Tier2,7.72,94.2,67.3,1,2,3,223.0,2,1,6.8,,1
ECE,Tier3,,85.0,87.6,1,1,1,130.0,1,1,8.1,55.0,1
CSE,Tier1,6.93,72.4,83.8,0,1,4,73.0,1,0,8.0,22.3,1
ECE,Tier3,7.53,93.8,78.8,1,0,2,9.0,1,0,4.0,41.1,0
EEE,Tier2,8.49,67.8,,0,0,3,75.0,1,0,7.9,49.3,1
EEE,Tier1,7.25,82.4,70.2,2,0,2,180.0,1,1,7.2,64.3,1
ECE,Tier1,7.83,84.4,55.7,1,0,2,16.0,4,0,5.4,47.5,1
ECE,Tier3,7.35,72.1,62.9,0,1,0,2.0,1,1,4.5,30.2,0
IT,Tier2,7.42,86.3,69.6,0,0,4,85.0,1,2,8.6,38.9,1
CSE,Tier3,9.02,75.4,68.1,0,0,4,59.0,1,0,8.8,80.8,1
CSE,Tier1,8.5,86.3,79.9,0,3,0,115.0,0,0,,53.0,1
EEE,Tier1,7.38,63.4,85.1,0,1,2,20.0,3,3,3.6,39.4,1
Civil,Tier3,7.51,83.0,75.7,0,0,1,33.0,2,0,5.6,,0
CSE,Tier1,6.6,76.3,91.1,0,1,2,37.0,1,2,6.1,48.3,0
,Tier1,7.13,90.3,69.2,0,0,2,4.0,1,3,8.7,52.2,1
EEE,Tier2,7.61,79.6,75.6,1,0,0,36.0,3,2,7.5,58.3,0
Mechanical,Tier3,8.15,91.2,76.5,0,1,1,65.0,2,1,5.6,88.5,1
ECE,Tier2,8.05,84.6,87.9,1,2,1,11.0,2,2,6.3,40.4,1
ECE,Tier1,6.19,78.9,78.1,2,2,1,161.0,1,0,7.3,41.5,0
EEE,Tier3,8.28,87.1,78.3,0,1,2,56.0,4,0,,59.9,1
Mechanical,Tier3,7.21,,60.5,0,1,0,25.0,2,0,9.0,45.8,0
CSE,Tier3,6.31,84.2,68.0,2,0,0,248.0,0,1,8.6,21.8,0
Civil,Tier3,8.64,59.4,88.0,1,2,2,78.0,1,0,8.2,64.3,1
CSE,Tier3,8.76,71.2,56.2,1,2,1,156.0,1,1,4.6,51.2,1
Mechanical,Tier2,7.56,92.5,90.4,0,1,3,45.0,2,0,4.7,40.1,0
,Tier2,8.01,68.7,82.0,0,2,2,64.0,3,0,4.2,44.3,1
CSE,Tier3,8.07,87.9,69.5,0,2,3,131.0,2,1,6.8,74.0,1
,Tier3,8.7,86.4,68.7,0,0,2,111.0,0,1,5.2,74.1,0
IT,Tier3,8.03,73.5,96.0,0,2,1,239.0,1,1,7.1,42.0,1
IT,Tier2,5.97,62.0,91.1,1,0,1,147.0,3,1,7.3,24.1,0
CSE,Tier2,9.31,74.9,75.8,0,0,5,75.0,1,1,6.4,72.3,1
ECE,Tier2,8.37,98.7,78.3,0,0,1,30.0,0,0,7.6,81.5,1
IT,Tier3,6.79,72.2,70.5,0,0,1,49.0,1,1,4.9,76.9,0
EEE,Tier2,6.27,72.9,78.3,0,1,5,46.0,0,0,3.4,29.4,0
Mechanical,Tier3,7.8,71.0,70.3,0,4,2,27.0,0,0,4.8,70.3,1
EEE,Tier2,7.02,90.9,76.2,0,1,4,12.0,0,1,7.6,50.0,1
CSE,Tier1,7.63,77.8,95.1,1,0,2,182.0,4,0,9.4,30.0,1
IT,Tier2,8.04,74.4,76.0,0,2,3,62.0,0,0,8.7,44.9,1
Civil,Tier3,6.73,92.7,66.5,0,0,0,32.0,1,1,5.7,39.2,0
,Tier3,6.18,85.2,63.3,1,0,3,275.0,1,0,7.8,51.6,1
IT,Tier2,7.69,71.7,78.3,0,1,3,202.0,1,0,3.6,,0
Civil,Tier2,6.77,69.0,69.4,2,0,5,58.0,2,1,8.9,60.2,0
Civil,Tier2,7.45,90.4,79.5,0,1,4,46.0,4,1,7.0,57.9,1
IT,Tier2,5.96,80.2,60.8,0,0,3,318.0,1,0,7.5,,0
EEE,Tier1,7.05,,83.9,0,1,1,33.0,0,0,2.6,42.3,0
ECE,Tier3,8.01,64.0,66.4,0,1,0,20.0,3,1,6.9,59.8,0
EEE,Tier3,,70.0,,0,1,2,95.0,1,0,9.4,42.1,0
CSE,Tier2,6.51,68.8,73.6,0,1,2,146.0,0,0,6.6,55.7,0
CSE,Tier2,6.13,61.6,94.2,0,2,2,41.0,1,0,5.9,42.8,0
ECE,Tier1,7.32,70.1,78.7,0,0,2,58.0,0,0,5.6,49.9,1
CSE,Tier2,7.86,71.7,96.5,0,1,2,22.0,1,0,4.8,53.9,1
EEE,Tier2,7.71,75.8,82.6,0,1,2,82.0,0,1,6.2,32.6,0
IT,Tier3,6.79,95.2,,0,0,3,119.0,2,0,3.9,63.2,1
Mechanical,Tier1,7.6,77.6,74.9,0,3,3,53.0,0,3,6.9,54.0,0
Mechanical,Tier3,8.8,78.5,80.5,0,0,1,55.0,1,0,8.1,73.3,1
ECE,Tier2,7.51,84.6,,0,0,4,58.0,4,0,5.3,66.0,1
Mechanical,Tier3,5.67,77.9,86.0,1,0,1,38.0,2,2,6.8,33.6,0
CSE,Tier3,7.5,83.6,82.3,0,1,2,102.0,3,0,6.0,49.3,0
ECE,Tier2,9.34,82.5,73.7,1,0,1,27.0,3,1,6.8,43.1,1
CSE,Tier2,6.01,81.1,75.4,1,1,5,115.0,3,1,7.7,59.8,1
Mechanical,Tier3,7.33,99.0,88.4,0,0,2,38.0,1,1,6.8,55.5,1
Mechanical,Tier3,7.07,88.2,,0,2,2,43.0,4,1,7.6,52.8,1
Civil,Tier1,,70.3,71.1,1,2,1,11.0,1,1,7.0,48.7,0
Mechanical,Tier2,7.49,83.3,69.6,0,0,0,23.0,1,1,7.6,40.8,0
Civil,Tier2,8.44,72.9,68.0,0,1,1,35.0,2,0,6.7,72.6,0
CSE,Tier3,7.38,84.0,85.3,0,1,0,36.0,3,3,6.7,76.0,1
Civil,Tier3,8.58,67.6,67.7,0,0,6,6.0,0,0,7.3,73.7,1
ECE,Tier1,7.18,70.0,85.2,0,2,3,46.0,1,0,6.0,48.9,0
IT,Tier3,6.95,83.1,82.5,0,0,5,40.0,2,0,6.9,54.4,1
ECE,Tier3,6.63,89.0,71.5,1,1,3,23.0,3,0,4.5,61.0,0
IT,Tier3,5.48,84.5,92.6,4,0,3,130.0,1,0,2.8,43.5,0
IT,Tier1,7.58,87.7,62.4,0,0,4,177.0,4,0,6.3,,1
CSE,Tier2,9.35,83.4,93.6,0,1,3,68.0,1,1,4.7,76.8,1
CSE,Tier2,7.76,,80.2,0,0,1,206.0,2,1,9.6,87.2,1
ECE,Tier1,7.99,75.5,56.3,0,1,2,97.0,1,1,4.6,57.3,1
Mechanical,Tier2,6.89,87.3,92.9,0,1,1,36.0,1,2,7.5,20.5,1
ECE,Tier1,7.06,89.2,86.7,1,2,0,36.0,2,0,4.8,51.1,1
ECE,Tier1,8.28,79.4,72.7,0,2,0,22.0,2,1,6.0,51.9,1
IT,Tier3,9.31,78.9,67.4,0,0,5,109.0,1,1,4.1,63.6,1
ECE,Tier2,8.79,94.3,61.3,0,2,2,71.0,1,1,3.9,80.3,1
CSE,Tier3,,79.8,99.0,0,1,2,231.0,0,0,6.6,49.0,1
Mechanical,Tier1,7.34,80.7,67.8,0,2,1,17.0,2,1,5.4,41.7,1
CSE,Tier2,7.51,84.4,64.4,0,1,0,95.0,1,0,7.4,44.8,1
EEE,Tier2,6.55,79.1,79.7,0,0,2,62.0,1,1,8.3,73.6,1
EEE,Tier3,5.85,72.6,60.6,1,0,2,7.0,1,0,3.2,38.7,0
ECE,Tier3,6.17,83.4,67.2,1,2,3,1.0,3,1,8.0,49.0,1
Mechanical,Tier2,7.35,79.7,,1,0,3,37.0,1,0,4.3,73.9,1
IT,Tier3,7.01,96.6,81.6,1,0,4,43.0,0,1,5.4,58.0,1
Mechanical,Tier2,5.83,87.1,73.1,0,1,2,15.0,1,0,3.5,17.1,1
EEE,Tier2,7.26,74.6,77.2,1,1,1,18.0,3,2,3.5,45.5,0
Mechanical,Tier1,6.98,86.6,72.6,0,1,1,18.0,1,0,2.5,42.1,1
EEE,Tier2,6.13,82.8,76.4,3,3,2,51.0,0,3,5.3,24.7,1
Mechanical,Tier1,6.93,91.8,69.4,2,2,3,3.0,0,2,6.1,43.9,1
Civil,Tier3,6.98,75.3,71.2,0,1,3,48.0,0,1,5.3,,1
IT,Tier2,6.68,81.7,70.9,0,0,3,72.0,2,0,2.8,52.3,0
Mechanical,Tier2,8.23,79.1,69.7,0,0,4,10.0,2,1,2.5,56.2,1
EEE,Tier2,5.4,80.5,87.4,2,0,5,58.0,2,3,6.0,33.5,0
ECE,Tier2,5.31,72.0,84.7,2,1,3,50.0,1,2,7.4,19.9,0
Civil,Tier2,7.3,85.2,67.7,1,0,2,20.0,0,1,6.4,68.3,1
IT,Tier3,7.4,83.8,65.1,0,0,2,139.0,2,1,9.4,45.2,1
ECE,Tier3,7.7,91.6,75.4,0,4,0,88.0,0,1,5.9,66.7,0
CSE,Tier1,6.76,79.9,98.6,0,0,1,9.0,0,1,6.6,47.3,1
CSE,Tier3,6.38,76.3,66.7,0,1,2,38.0,2,2,6.0,64.4,1
Mechanical,Tier2,7.29,87.1,75.4,1,1,2,66.0,3,2,4.6,58.5,1
IT,Tier1,6.86,72.9,77.9,0,2,2,82.0,1,1,5.7,50.6,1
IT,Tier2,8.85,89.8,75.9,0,2,1,66.0,1,2,7.5,49.2,1
CSE,Tier1,6.98,89.7,72.4,1,3,5,157.0,2,1,7.6,65.5,1
ECE,Tier2,7.25,91.3,88.6,2,0,2,23.0,2,0,6.6,48.8,0
Mechanical,Tier3,9.78,83.4,81.5,0,2,1,64.0,0,1,8.8,54.1,1
Mechanical,Tier2,7.11,75.6,85.5,0,0,6,12.0,0,1,6.8,48.6,1
CSE,Tier3,7.86,81.0,82.9,1,0,3,92.0,1,1,,53.7,1
ECE,Tier3,7.95,83.4,85.9,2,1,3,72.0,1,1,8.7,65.2,1
ECE,Tier3,8.03,75.0,,0,0,3,8.0,3,1,4.7,32.6,0
ECE,Tier3,7.59,,90.3,1,0,2,18.0,4,1,8.6,81.5,1
IT,Tier3,7.49,85.2,99.0,0,0,2,66.0,2,0,4.2,58.0,1
IT,Tier2,7.4,72.0,89.2,0,1,2,298.0,4,0,5.5,51.8,1
ECE,Tier2,6.72,96.9,70.3,0,1,4,47.0,5,4,2.7,53.9,1
ECE,Tier2,7.63,80.9,85.5,0,0,0,10.0,2,0,,34.7,1
ECE,Tier3,9.33,70.2,84.1,1,0,2,132.0,1,1,8.4,63.1,1
ECE,Tier1,8.51,72.5,96.2,1,0,2,112.0,2,1,,,1
Mechanical,Tier2,7.6,93.4,67.3,1,4,4,44.0,1,0,5.5,,1
EEE,Tier3,8.16,96.4,82.6,0,1,2,158.0,1,0,5.6,62.1,1
IT,Tier2,6.43,89.1,70.2,0,2,1,54.0,0,0,5.6,56.7,0
Mechanical,Tier3,7.04,91.9,82.1,1,0,1,30.0,4,0,4.1,41.5,1
Mechanical,Tier2,8.25,90.9,74.9,0,0,1,15.0,3,0,6.1,71.2,1
CSE,Tier1,,85.0,81.8,0,2,0,158.0,1,0,8.8,58.2,1
ECE,Tier2,6.53,,62.9,0,0,1,142.0,0,0,,70.5,1
IT,Tier2,,,84.9,0,1,5,198.0,2,0,6.4,64.8,1
EEE,Tier1,9.48,86.6,79.1,0,0,3,17.0,2,2,6.4,67.3,1
CSE,Tier1,7.4,73.3,78.5,0,1,1,57.0,0,1,5.3,42.2,1
EEE,Tier1,9.12,86.6,96.5,0,1,1,72.0,3,2,6.5,59.3,1
CSE,Tier3,7.51,93.1,73.2,0,0,1,40.0,2,1,5.3,64.6,1
ECE,Tier3,7.55,78.1,80.4,0,0,4,37.0,1,1,6.8,46.0,1
Civil,Tier2,6.99,77.2,78.0,0,2,3,7.0,2,1,5.9,55.2,0
IT,Tier1,8.24,,79.0,0,2,0,73.0,0,2,3.5,62.8,1
Mechanical,Tier2,8.66,74.2,99.0,1,0,2,44.0,1,0,2.8,56.9,0
,Tier3,6.26,68.1,77.6,4,0,1,45.0,1,1,2.2,36.5,0
Mechanical,Tier3,6.95,90.3,71.3,1,0,2,58.0,1,0,,68.9,0
CSE,Tier2,8.22,75.9,95.7,0,2,2,266.0,2,1,7.5,61.8,1
Mechanical,Tier1,7.17,80.2,73.9,0,2,0,83.0,1,1,4.7,47.2,1
CSE,Tier3,6.81,74.5,60.9,1,0,0,195.0,4,2,5.6,,0
IT,Tier3,8.31,91.5,69.6,0,0,0,175.0,5,0,4.8,67.3,1
Mechanical,Tier1,8.4,87.7,64.5,0,4,2,46.0,1,1,4.5,56.2,1
EEE,Tier3,6.85,77.8,59.0,0,0,3,37.0,6,1,10.0,61.0,1
ECE,Tier1,7.51,69.4,73.4,0,3,1,86.0,0,1,4.6,41.5,0
IT,Tier1,6.09,76.9,76.3,2,2,3,179.0,3,1,3.6,49.1,0
Mechanical,Tier3,6.4,85.1,88.8,3,0,2,20.0,1,0,4.4,41.3,0
EEE,Tier2,7.42,81.7,83.3,2,0,3,61.0,1,0,6.1,73.0,0
ECE,Tier2,7.33,81.0,82.8,0,1,2,46.0,1,2,5.0,56.1,0
Mechanical,Tier3,6.33,81.9,68.1,2,0,6,55.0,2,1,6.5,34.7,0
CSE,Tier3,6.58,86.8,85.8,1,0,2,237.0,4,1,4.7,59.1,0
CSE,Tier1,6.23,,90.9,2,2,2,54.0,4,0,4.9,61.0,1
ECE,Tier3,7.76,84.1,80.9,1,0,3,20.0,3,0,4.7,49.7,1
,Tier3,5.33,71.1,81.2,2,2,0,50.0,3,1,5.8,31.9,0
CSE,Tier2,6.29,99.0,64.4,0,2,3,59.0,0,0,,20.0,1
CSE,Tier3,5.44,77.4,87.5,0,2,7,22.0,1,0,,,1
CSE,Tier3,7.72,81.8,94.8,0,1,0,35.0,1,2,8.5,32.6,1
Mechanical,Tier1,5.5,85.1,80.2,1,2,1,159.0,0,0,3.6,41.9,0
CSE,Tier1,7.33,76.3,71.1,0,4,1,109.0,1,1,,31.0,1
ECE,Tier3,8.94,80.1,75.4,0,0,5,63.0,2,1,4.3,81.3,1
Civil,Tier3,8.97,80.0,72.8,0,0,3,34.0,3,1,6.0,75.9,0
CSE,Tier1,,71.8,,3,3,1,221.0,1,2,4.1,46.1,0
ECE,Tier1,7.6,83.9,83.5,0,5,2,3.0,0,0,4.8,65.6,0
ECE,Tier3,6.31,65.2,79.8,1,0,3,118.0,3,1,7.2,,0
Mechanical,Tier1,6.11,95.8,87.0,2,0,1,43.0,2,2,7.9,35.6,0
IT,Tier1,7.19,87.1,80.7,1,0,3,58.0,0,0,,30.8,1
IT,Tier3,8.53,85.8,68.4,0,1,4,267.0,1,0,6.6,67.1,1
CSE,Tier3,7.9,64.4,72.0,0,0,1,149.0,4,0,4.8,42.4,1
EEE,Tier3,6.58,72.9,71.4,1,0,4,38.0,0,0,6.0,78.2,1
Mechanical,Tier3,8.01,92.5,75.1,0,2,2,10.0,2,0,8.1,41.7,1
CSE,Tier2,5.06,99.0,94.9,0,3,1,97.0,2,0,7.2,52.4,0
IT,Tier3,6.55,90.8,96.5,1,2,2,117.0,2,1,7.6,63.0,1
Mechanical,Tier2,6.48,89.3,85.4,2,1,0,52.0,0,0,7.7,31.3,0
CSE,Tier2,7.38,84.7,78.2,0,0,1,52.0,3,1,5.4,46.5,1
IT,Tier3,7.1,72.4,63.4,1,4,1,53.0,3,1,7.1,47.7,1
ECE,Tier3,7.16,89.0,79.2,0,2,0,13.0,1,1,5.3,92.6,0
IT,Tier3,7.13,70.1,69.1,0,0,1,57.0,2,0,7.1,47.7,0
CSE,Tier1,7.32,69.1,,1,2,2,168.0,2,0,8.2,38.0,1
ECE,Tier3,7.84,68.5,60.9,0,1,2,137.0,3,1,8.8,60.1,1
CSE,Tier3,7.45,88.8,80.8,0,3,2,83.0,4,1,7.1,39.7,1
ECE,Tier3,7.02,79.5,68.3,0,2,2,53.0,3,0,6.7,49.3,1
EEE,Tier3,7.7,80.9,76.9,1,0,2,13.0,0,0,8.5,48.0,0
ECE,Tier2,8.13,79.9,83.7,2,0,3,13.0,0,0,4.4,61.8,0
CSE,Tier3,6.74,69.9,87.2,1,0,4,212.0,1,0,8.6,42.0,1
Mechanical,Tier3,7.24,74.0,76.4,0,1,2,3.0,1,0,6.2,,1
CSE,Tier3,8.46,74.4,84.6,0,1,4,150.0,2,0,6.2,70.3,1
EEE,Tier3,6.2,67.4,70.4,3,0,4,62.0,1,0,5.2,49.5,0
IT,Tier3,9.1,75.5,79.5,0,0,3,216.0,2,1,3.9,60.9,1
Mechanical,Tier1,5.96,70.3,87.0,2,6,1,55.0,1,0,8.6,21.7,0
CSE,Tier1,6.95,85.2,80.3,1,1,1,24.0,1,0,,57.2,0
CSE,Tier3,6.35,85.9,71.7,2,1,2,251.0,1,1,5.3,41.1,0
ECE,Tier3,9.49,68.4,74.2,0,0,3,26.0,1,1,6.6,65.8,1
CSE,Tier3,6.8,77.3,87.2,2,0,3,238.0,2,0,5.4,26.9,1
CSE,Tier1,6.8,96.7,66.1,0,1,1,202.0,4,0,2.9,52.3,1
EEE,Tier2,6.93,71.2,67.6,0,3,3,54.0,3,0,5.7,52.0,1
Mechanical,Tier3,7.4,,83.0,0,2,1,82.0,1,0,3.5,49.2,0
CSE,Tier3,,80.9,72.6,0,1,3,275.0,2,0,6.4,39.2,1
Mechanical,Tier1,7.17,,62.5,0,4,1,60.0,1,4,,64.8,1
Mechanical,Tier3,4.5,82.7,90.5,1,2,1,75.0,4,1,4.8,28.5,1
Mechanical,Tier1,7.36,76.1,66.0,1,4,2,18.0,4,1,7.4,62.7,0
EEE,Tier2,7.32,80.6,75.0,0,0,2,71.0,2,1,4.8,64.2,1
EEE,Tier2,8.34,80.7,70.8,0,0,4,18.0,1,0,6.0,46.7,1
ECE,Tier1,8.61,79.2,74.0,0,1,5,50.0,0,1,4.4,67.0,1
EEE,Tier1,7.11,68.1,,1,0,2,24.0,4,0,7.1,45.4,0
Civil,Tier3,8.12,91.2,,0,2,3,29.0,0,0,8.4,63.2,1
CSE,Tier3,6.2,89.6,78.1,1,0,5,300.0,0,1,6.3,34.8,1
IT,Tier3,8.07,70.6,86.8,0,0,1,105.0,2,2,,,1
CSE,Tier2,6.73,77.3,70.9,1,1,4,123.0,1,0,7.0,49.6,1
Civil,Tier2,6.12,,98.3,0,2,2,73.0,3,0,5.6,45.2,1
IT,Tier2,7.11,69.6,58.0,0,1,2,116.0,0,1,8.4,55.1,1
EEE,Tier3,8.7,,61.1,0,0,1,70.0,1,0,5.1,48.8,0
Mechanical,Tier2,7.48,74.0,94.5,0,1,0,75.0,1,2,3.2,45.8,1
Civil,Tier3,8.8,76.8,81.7,0,0,1,27.0,1,1,4.3,67.5,0
CSE,Tier3,6.55,67.0,,1,0,2,38.0,1,2,7.1,42.8,0
Mechanical,Tier3,8.35,81.6,81.3,0,1,4,46.0,2,0,5.3,,1
Mechanical,Tier2,,90.5,82.7,2,2,3,29.0,2,0,6.2,38.1,1
CSE,Tier2,7.53,87.6,80.0,0,2,4,199.0,6,1,5.6,47.1,1
EEE,Tier2,7.52,78.9,67.3,0,0,4,30.0,3,0,6.3,40.3,1
,Tier1,7.96,63.4,85.2,0,1,2,273.0,1,0,8.0,63.6,1
ECE,Tier3,7.55,86.4,83.6,0,1,1,112.0,3,1,8.7,47.4,1
ECE,Tier2,6.56,81.3,91.3,0,2,0,103.0,2,1,4.3,,0
CSE,Tier3,8.18,83.8,94.6,0,2,3,164.0,2,1,7.7,53.5,1
CSE,Tier1,9.03,97.4,80.3,0,0,3,61.0,1,0,6.4,43.4,1
CSE,Tier3,6.72,72.6,64.7,0,1,5,82.0,2,0,3.8,38.3,1
CSE,Tier3,,54.1,94.7,3,2,6,162.0,0,0,6.9,58.6,0
ECE,Tier2,7.8,70.5,,0,2,6,38.0,2,0,9.3,40.9,1
IT,Tier3,6.97,84.4,80.4,0,0,1,91.0,1,0,4.7,48.1,0
CSE,Tier2,7.17,80.2,74.4,0,1,4,266.0,0,0,5.6,77.3,1
EEE,Tier3,7.86,69.1,72.7,0,1,2,12.0,3,1,3.1,57.3,0
EEE,Tier3,6.84,67.2,84.6,0,1,1,68.0,0,1,5.8,43.1,0
ECE,Tier3,7.03,76.8,79.4,0,1,2,62.0,2,0,6.3,26.3,0
Civil,Tier3,7.2,68.8,82.1,0,1,6,48.0,2,2,9.6,53.0,1
IT,Tier2,8.77,84.7,68.8,0,1,0,43.0,2,2,,49.6,1
Mechanical,Tier3,7.33,76.3,75.3,1,0,0,33.0,2,1,7.7,58.3,0
CSE,Tier3,6.06,74.4,69.3,0,4,2,119.0,2,0,6.5,37.2,1
EEE,Tier1,6.1,73.2,75.0,0,5,1,15.0,2,0,10.0,48.8,0
Civil,Tier1,7.44,,,1,2,2,92.0,2,0,6.3,69.6,1
Mechanical,Tier3,6.17,80.4,95.4,1,0,1,44.0,2,1,5.9,53.9,0
ECE,Tier3,5.74,81.8,74.4,2,1,3,41.0,2,0,7.5,27.9,0
ECE,Tier2,7.94,81.6,55.7,3,0,3,71.0,0,0,6.9,55.7,0
IT,Tier3,7.98,79.4,91.0,1,0,0,305.0,3,1,7.7,66.5,1
EEE,Tier3,6.93,70.7,81.5,1,0,1,33.0,1,3,,31.4,0
Mechanical,Tier2,7.59,73.4,75.7,1,1,1,14.0,0,0,3.3,73.2,0
Civil,Tier2,7.49,76.4,72.6,0,0,3,132.0,5,1,6.9,54.1,1
ECE,Tier3,7.9,98.6,67.5,0,0,0,52.0,3,0,6.9,61.4,0
CSE,Tier3,7.9,67.9,96.4,0,0,1,418.0,2,1,4.7,50.4,1
ECE,Tier2,4.69,76.2,77.5,1,0,6,111.0,1,0,6.5,39.0,0
CSE,Tier2,7.06,,59.6,0,0,2,55.0,0,3,2.7,39.6,0
CSE,Tier3,7.82,77.3,80.3,0,3,2,94.0,0,0,6.5,72.7,1
IT,Tier3,6.89,89.7,89.1,0,0,2,6.0,1,1,7.2,71.0,1
EEE,Tier3,7.34,77.2,78.6,0,0,1,24.0,1,1,7.7,77.4,1
CSE,Tier1,8.05,77.9,68.0,0,1,0,29.0,0,0,7.3,,0
CSE,Tier3,7.38,87.3,67.1,0,0,0,65.0,1,2,4.4,55.9,1
CSE,Tier2,8.81,96.3,,0,1,1,19.0,3,0,3.4,64.2,1
Mechanical,Tier1,8.43,92.7,92.2,0,3,1,20.0,3,0,7.7,48.7,1
,Tier3,7.18,78.8,76.3,1,0,0,25.0,0,1,6.7,55.4,1
CSE,Tier3,7.1,79.6,60.2,0,1,3,103.0,4,0,6.9,33.3,0
CSE,Tier2,4.5,80.4,80.8,2,0,4,24.0,0,1,9.0,55.2,0
ECE,Tier3,6.97,81.3,78.4,0,1,2,95.0,1,3,3.1,31.5,1
IT,Tier2,5.95,72.4,72.5,2,0,4,61.0,2,2,9.2,47.7,0
ECE,Tier2,7.52,88.4,66.8,2,2,2,54.0,2,5,5.0,62.1,1
IT,Tier2,7.45,81.9,66.4,0,2,0,59.0,2,0,7.5,45.1,1
Civil,Tier2,8.0,79.6,87.9,0,1,3,43.0,1,1,6.0,,1
IT,Tier3,8.7,68.6,79.5,2,1,2,100.0,1,0,,36.6,0
EEE,Tier3,7.27,80.6,81.8,0,0,0,98.0,2,0,3.3,51.0,0
CSE,Tier3,9.58,63.0,79.4,0,2,3,87.0,2,0,4.8,42.7,1
Civil,Tier1,7.53,74.8,80.3,1,3,2,37.0,1,2,6.8,43.4,1
Civil,Tier2,5.99,74.9,72.3,1,0,0,16.0,2,0,6.6,39.0,0
EEE,Tier1,6.74,82.6,74.9,0,1,1,8.0,3,1,7.7,42.0,0
ECE,Tier3,6.93,96.9,88.6,1,0,4,52.0,2,3,4.8,64.9,1
CSE,Tier2,7.89,85.1,91.1,0,0,1,131.0,3,2,7.3,40.4,1
Mechanical,Tier2,6.35,93.0,64.8,4,0,2,48.0,2,2,6.1,28.1,0
EEE,Tier3,7.0,85.8,74.9,0,1,1,82.0,6,0,7.1,44.8,0
CSE,Tier3,7.14,90.1,85.4,0,0,2,102.0,2,0,6.9,52.1,0
ECE,Tier2,6.85,96.7,95.8,0,0,0,30.0,2,0,5.2,55.3,0
ECE,Tier2,8.11,73.4,94.8,1,0,2,47.0,1,0,6.5,69.4,1
Mechanical,Tier3,7.94,72.8,69.0,1,0,1,36.0,0,0,6.8,,1
EEE,Tier2,8.47,86.0,89.8,1,0,4,11.0,2,3,7.4,77.6,1
ECE,Tier1,6.97,80.0,,0,1,1,88.0,3,1,8.7,40.0,0
,Tier3,8.5,82.0,87.4,1,0,4,24.0,2,0,4.9,54.2,1
CSE,Tier2,5.94,77.8,84.9,3,1,3,94.0,2,2,3.9,45.0,0
IT,Tier2,5.91,74.6,,1,2,5,64.0,1,2,8.3,18.5,0
CSE,Tier1,6.09,94.6,82.5,1,0,0,244.0,1,3,3.7,40.2,1
Mechanical,Tier2,7.31,70.1,87.1,0,0,4,26.0,1,2,7.9,63.5,1
IT,Tier2,8.5,86.2,76.8,0,0,1,271.0,0,1,4.4,65.1,1
IT,Tier2,6.7,84.7,74.5,1,2,1,54.0,0,2,4.9,42.5,1
CSE,Tier2,6.82,65.8,61.3,0,2,0,170.0,1,1,5.9,51.7,1
CSE,Tier2,7.08,72.5,83.8,0,1,4,91.0,2,2,3.4,56.0,1
ECE,Tier3,7.87,74.0,,0,0,4,9.0,0,1,4.3,51.3,1
CSE,Tier3,6.82,85.1,67.8,0,2,3,264.0,1,1,3.0,55.0,1
CSE,Tier2,6.77,76.7,73.7,0,0,4,51.0,0,0,7.2,39.2,1
EEE,Tier1,5.95,79.2,78.5,3,3,2,31.0,0,0,6.0,33.4,0
IT,Tier3,6.73,66.9,71.4,0,0,5,127.0,1,1,6.0,45.1,1
IT,Tier3,8.48,99.0,77.0,0,0,1,35.0,3,0,5.9,28.4,1
IT,Tier3,,80.6,59.5,0,2,3,58.0,2,1,6.0,60.3,1
Mechanical,Tier1,6.56,84.5,90.5,0,0,2,34.0,0,0,5.1,48.8,1
IT,Tier2,8.54,75.1,77.2,1,0,2,21.0,1,0,7.7,55.0,1
EEE,Tier1,6.71,74.1,66.0,0,3,1,47.0,3,0,2.8,58.1,1
Civil,Tier3,8.72,97.2,,0,0,1,13.0,2,1,3.4,63.2,0
EEE,Tier2,8.7,62.7,87.3,0,2,4,67.0,0,1,8.4,71.3,1
IT,Tier2,7.36,82.5,82.6,1,0,1,221.0,2,0,6.5,70.7,0
EEE,Tier2,5.8,69.1,79.1,1,0,0,70.0,2,1,2.4,48.0,0
ECE,Tier2,9.59,76.4,85.6,0,0,1,77.0,2,1,6.6,54.3,1
IT,Tier3,7.69,74.3,85.6,0,0,5,82.0,2,1,3.1,62.1,1
,Tier1,6.98,71.1,78.9,1,1,4,11.0,0,0,8.3,41.3,0
IT,Tier3,8.26,80.3,74.5,0,0,0,214.0,0,1,7.7,47.1,1
CSE,Tier3,8.0,56.9,72.8,0,1,4,59.0,2,3,9.8,51.5,1
IT,Tier3,,77.2,81.2,0,1,1,98.0,1,1,5.5,72.0,1
CSE,Tier2,6.64,79.2,91.0,0,0,3,45.0,1,0,3.8,57.2,0
IT,Tier3,7.62,67.8,76.0,0,1,2,39.0,0,0,5.0,63.7,1
ECE,Tier3,6.11,93.6,91.8,1,0,4,50.0,2,0,5.1,47.0,0
Civil,Tier1,7.97,74.6,80.7,1,0,5,43.0,1,0,6.7,61.7,0
CSE,Tier1,7.28,,80.8,0,3,0,22.0,2,1,2.7,58.6,1
ECE,Tier3,7.58,74.7,99.0,0,1,0,25.0,0,0,6.0,44.6,0
ECE,Tier2,7.15,79.3,93.5,0,0,0,134.0,1,0,4.2,57.8,0
CSE,Tier1,7.05,91.8,93.8,0,1,1,153.0,3,1,5.1,50.2,1
CSE,Tier1,6.43,99.0,69.0,1,2,2,56.0,1,0,8.5,42.3,0
CSE,Tier1,8.09,86.7,98.9,0,1,1,74.0,2,2,7.8,51.2,1
CSE,Tier2,8.79,,76.2,0,0,2,105.0,0,3,7.3,52.3,1
,Tier3,6.74,95.4,74.7,1,0,5,74.0,1,0,7.1,45.3,1
IT,Tier1,7.85,82.2,55.4,0,1,4,253.0,1,1,5.5,54.2,1
ECE,Tier3,7.73,94.1,80.3,1,0,3,59.0,2,0,5.9,61.6,1
CSE,Tier2,7.31,87.1,66.2,0,0,1,175.0,2,0,3.2,69.7,1
CSE,Tier2,5.77,81.3,81.1,0,1,3,188.0,0,1,3.8,50.7,0
CSE,Tier2,6.0,83.2,65.4,0,0,1,146.0,0,0,6.2,46.4,0
ECE,Tier3,6.52,63.6,95.0,0,0,4,64.0,2,1,,23.6,0
IT,Tier3,5.16,82.6,82.5,0,0,3,245.0,1,0,7.2,69.8,0
ECE,Tier2,8.71,66.1,99.0,0,1,0,67.0,5,2,,50.0,1
CSE,Tier1,7.67,65.4,66.8,0,0,2,36.0,2,0,5.5,45.2,0
CSE,Tier2,,81.7,92.5,0,1,2,307.0,2,2,4.9,66.5,1
Civil,Tier1,5.11,70.0,59.0,2,0,2,7.0,4,0,6.8,27.3,0
CSE,Tier3,5.48,79.9,79.1,3,3,2,142.0,1,1,7.2,46.8,0
CSE,Tier1,7.3,81.2,70.7,0,1,4,113.0,0,1,4.4,45.9,1
CSE,Tier3,9.27,81.6,72.5,0,1,1,69.0,3,0,5.1,58.3,1
Civil,Tier2,6.6,71.9,71.8,0,2,1,76.0,3,2,5.7,48.6,1
ECE,Tier2,,88.1,67.9,0,2,0,36.0,5,0,6.6,41.5,0
,Tier3,6.82,79.2,64.4,0,2,1,59.0,0,2,6.6,47.6,1
Civil,Tier1,7.36,84.0,72.6,2,1,3,13.0,3,1,5.8,64.1,1
CSE,Tier3,8.51,69.2,78.2,0,0,2,213.0,2,1,7.3,56.7,1
,Tier1,6.95,78.4,88.6,0,5,1,80.0,1,0,5.8,91.8,1
CSE,Tier3,6.61,89.9,80.0,1,2,3,103.0,1,0,3.5,49.1,0
ECE,Tier2,8.72,88.7,,0,0,2,19.0,1,0,8.4,44.2,1
IT,Tier1,,72.8,62.2,0,5,1,223.0,3,0,,45.5,1
IT,Tier3,8.39,75.1,72.7,0,4,3,18.0,1,0,3.5,33.7,1
Civil,Tier1,6.61,71.1,84.1,0,2,3,43.0,2,1,6.3,61.0,0
CSE,Tier1,8.71,74.1,80.4,0,0,0,81.0,2,1,8.3,77.8,1
Civil,Tier3,7.57,67.4,68.4,0,1,2,55.0,2,0,5.5,63.0,0
IT,Tier2,7.73,78.8,86.3,0,0,1,80.0,3,0,7.4,43.6,1
,Tier3,7.43,85.7,71.7,0,1,3,77.0,4,1,8.0,41.7,1
Civil,Tier3,6.79,72.9,69.2,0,0,1,15.0,2,3,6.5,57.8,1
CSE,Tier3,7.3,79.2,81.9,0,1,4,225.0,1,1,9.9,45.2,1
Civil,Tier2,6.86,78.0,77.1,1,1,0,37.0,1,1,7.2,39.0,1
ECE,Tier1,8.26,89.5,71.8,0,3,4,27.0,1,1,6.2,44.6,1
EEE,Tier3,7.1,74.5,,0,2,1,54.0,3,1,5.7,72.9,0
CSE,Tier1,5.8,74.8,66.3,2,0,5,185.0,2,0,5.9,38.4,0
ECE,Tier2,5.62,72.4,73.0,2,1,1,35.0,2,1,5.0,53.1,0
EEE,Tier2,5.57,69.8,88.0,0,1,0,37.0,0,1,4.0,49.5,0
ECE,Tier2,7.92,84.8,79.4,0,1,3,21.0,2,1,4.4,44.4,0
CSE,Tier2,6.15,78.8,86.6,2,1,3,16.0,2,0,5.7,46.2,1
CSE,Tier3,7.6,80.5,82.2,0,0,1,64.0,2,0,,41.0,1
Mechanical,Tier3,7.44,91.5,70.9,1,1,2,42.0,0,1,6.6,69.6,0
CSE,Tier3,7.24,92.0,60.5,0,2,3,76.0,0,0,6.3,40.2,1
EEE,Tier2,7.74,65.2,67.7,0,0,7,31.0,1,0,9.8,,1
Civil,Tier2,7.46,85.8,70.3,1,2,1,14.0,3,0,9.0,,0
CSE,Tier1,4.59,82.0,69.5,1,1,0,42.0,0,2,4.4,26.9,0
CSE,Tier3,6.98,75.8,86.8,0,1,3,35.0,0,0,7.3,62.8,1
EEE,Tier2,7.73,82.9,86.7,0,2,1,43.0,2,1,3.9,47.4,1
CSE,Tier2,8.94,,99.0,0,2,1,140.0,2,0,6.5,37.7,1
ECE,Tier1,8.99,93.2,69.4,1,3,2,44.0,1,1,3.5,65.0,1
EEE,Tier3,5.94,84.6,93.0,2,1,0,58.0,2,0,4.9,36.2,0
ECE,Tier3,6.95,72.2,92.9,1,1,3,16.0,4,1,7.1,51.6,0
IT,Tier3,5.73,74.7,74.7,2,2,0,100.0,2,1,5.2,53.9,0
EEE,Tier1,8.82,64.7,81.7,0,1,2,27.0,3,3,4.1,63.4,1
ECE,Tier3,8.31,77.2,89.4,0,0,4,35.0,2,1,4.8,67.2,1
CSE,Tier2,7.65,75.7,76.4,0,0,0,23.0,3,0,4.3,37.7,0
ECE,Tier2,7.47,68.1,75.6,0,1,1,14.0,0,1,6.7,66.7,0
Mechanical,Tier2,8.68,87.0,70.7,0,0,5,42.0,2,1,8.2,54.8,1
EEE,Tier2,8.51,91.5,53.4,0,0,1,21.0,1,0,5.6,40.4,1
ECE,Tier2,8.46,79.8,77.7,0,2,2,22.0,1,0,7.9,27.8,1
IT,Tier2,7.76,77.2,69.9,0,2,2,82.0,0,0,5.0,50.1,1
CSE,Tier2,6.95,83.9,66.2,0,0,0,142.0,2,0,5.8,40.3,1
CSE,Tier3,8.07,79.8,81.2,0,1,2,182.0,3,0,9.2,46.1,1
,Tier3,8.12,70.3,62.5,1,0,0,18.0,1,1,5.7,59.6,0
Civil,Tier3,7.11,74.1,85.1,0,3,3,26.0,0,0,7.9,71.2,0
CSE,Tier2,6.95,77.3,,0,1,0,114.0,1,0,4.7,38.9,1
Mechanical,Tier1,8.43,82.2,73.0,0,1,2,55.0,0,0,6.0,58.3,1
CSE,Tier3,8.96,80.1,76.4,0,0,3,171.0,1,2,4.5,,1
IT,Tier1,6.55,81.9,65.1,0,1,2,128.0,0,0,6.1,35.9,1
IT,Tier2,7.04,66.3,84.5,1,0,0,56.0,0,0,6.4,38.0,0
IT,Tier1,7.65,86.0,78.9,0,3,2,112.0,2,1,7.4,73.0,1
Mechanical,Tier3,7.79,80.0,79.6,0,0,2,41.0,1,1,5.0,54.1,1
Civil,Tier2,6.78,99.0,82.0,0,2,1,13.0,2,1,5.7,46.6,1
Mechanical,Tier3,9.18,76.5,70.6,1,0,2,20.0,2,0,,52.7,0
CSE,Tier2,7.72,82.9,,1,1,3,122.0,0,0,3.8,54.4,0
Mechanical,Tier2,7.83,99.0,86.6,0,1,0,68.0,3,1,1.5,46.5,1
CSE,Tier2,9.06,81.7,83.9,0,2,2,62.0,0,1,4.8,83.5,1
Civil,Tier1,6.85,79.4,71.6,0,1,5,134.0,1,1,7.1,52.3,0
ECE,Tier2,7.21,71.1,81.1,0,0,5,2.0,1,1,6.1,52.7,0
IT,Tier3,6.05,93.8,89.6,2,1,1,95.0,4,0,4.3,46.6,0
CSE,Tier2,7.13,69.6,88.4,0,1,0,104.0,2,3,6.1,66.3,1
CSE,Tier1,5.81,83.8,71.4,0,1,1,195.0,1,1,5.3,43.8,0
CSE,Tier3,8.05,75.7,62.1,0,0,1,55.0,1,0,3.2,49.5,1
Civil,Tier2,7.72,78.3,63.8,0,0,3,25.0,2,1,5.4,,1
Mechanical,Tier1,7.02,67.2,73.9,0,3,2,26.0,0,0,7.3,59.6,1
Civil,Tier1,7.2,92.1,91.6,0,0,3,75.0,0,1,5.5,65.2,1
CSE,Tier2,8.06,77.5,69.7,0,0,4,212.0,1,1,3.3,57.9,1
ECE,Tier2,6.16,69.1,71.0,3,0,2,29.0,0,0,,48.6,0
CSE,Tier3,7.5,91.3,70.8,0,0,1,45.0,2,2,4.2,64.4,0
ECE,Tier2,8.0,75.5,71.7,0,1,2,18.0,1,0,6.7,22.2,0
IT,Tier3,5.52,83.0,76.9,1,3,4,28.0,4,0,7.5,43.6,0
IT,Tier2,7.98,87.6,64.2,1,1,1,228.0,0,1,6.8,47.9,0
ECE,Tier3,5.63,84.3,87.8,1,0,2,39.0,1,0,5.6,43.8,0
,Tier3,7.18,60.2,,0,1,5,181.0,3,1,2.7,55.2,1
ECE,Tier2,6.14,86.3,99.0,2,2,2,32.0,3,1,8.1,60.6,1
EEE,Tier1,8.73,79.1,65.3,1,1,3,148.0,2,2,3.9,42.0,1
,Tier2,,77.0,92.9,2,2,2,161.0,3,1,7.7,37.1,1
Civil,Tier3,5.65,79.0,90.9,2,0,1,49.0,0,0,8.0,32.6,0
ECE,Tier3,7.43,65.5,72.9,1,0,2,57.0,2,0,3.8,44.9,0
Mechanical,Tier2,6.89,81.7,73.0,1,1,1,17.0,1,0,3.8,33.0,0
EEE,Tier3,5.8,67.7,67.8,1,1,4,26.0,2,0,5.3,69.6,0
,Tier2,7.83,77.4,67.9,0,1,3,72.0,1,0,7.7,64.6,1
EEE,Tier1,5.31,81.4,77.0,4,2,3,40.0,0,0,4.9,32.2,0
Mechanical,Tier3,6.26,89.7,77.2,4,0,0,59.0,1,1,,46.5,0
ECE,Tier2,6.72,72.6,61.0,1,1,1,31.0,1,1,5.1,43.4,1
CSE,Tier2,8.1,93.1,99.0,1,1,5,89.0,3,0,7.4,57.4,1
CSE,Tier3,8.6,88.5,74.4,0,3,1,216.0,0,0,4.9,48.8,1
ECE,Tier2,8.4,76.1,77.7,0,0,1,45.0,1,1,4.7,,1
CSE,Tier3,7.15,70.0,,1,3,5,115.0,1,0,4.1,43.9,0
CSE,Tier2,4.87,67.0,74.3,1,0,0,92.0,2,0,4.1,55.9,0
CSE,Tier1,7.69,82.4,73.4,0,4,2,71.0,1,0,7.9,35.6,1
ECE,Tier2,8.77,73.4,77.0,2,0,3,32.0,0,0,5.4,72.0,0
CSE,Tier3,8.53,90.8,76.9,0,2,5,100.0,3,0,4.3,64.4,1
ECE,Tier2,7.76,,85.0,1,1,2,90.0,2,1,3.0,49.0,1
Mechanical,Tier1,6.11,71.9,79.3,2,4,1,40.0,0,1,5.5,54.6,0
Mechanical,Tier3,,82.1,84.0,0,1,4,78.0,1,0,4.5,51.4,0
IT,Tier3,9.23,73.8,76.9,1,1,1,46.0,0,1,4.2,35.5,0
ECE,Tier3,5.88,80.1,79.3,0,1,3,54.0,0,1,4.6,39.6,0
ECE,Tier2,6.15,,,3,0,0,6.0,0,0,6.2,41.3,0
ECE,Tier2,8.24,81.1,87.0,0,0,2,21.0,1,1,3.9,73.6,0
EEE,Tier2,6.87,81.1,80.2,0,2,1,22.0,1,0,5.4,44.5,0
CSE,Tier3,6.12,81.8,75.4,1,0,3,66.0,0,0,7.6,43.1,0
Civil,Tier3,8.83,64.8,75.1,0,0,3,78.0,0,0,5.0,45.2,0
CSE,Tier3,7.76,83.5,,0,1,3,17.0,1,0,4.1,53.0,0
